-- MySQL dump 10.13  Distrib 5.7.24, for Linux (x86_64)
--
-- Host: localhost    Database: web
-- ------------------------------------------------------
-- Server version	5.7.24-0ubuntu0.16.04.1-log

/*!40101 SET @OLD_CHARACTER_SET_CLIENT=@@CHARACTER_SET_CLIENT */;
/*!40101 SET @OLD_CHARACTER_SET_RESULTS=@@CHARACTER_SET_RESULTS */;
/*!40101 SET @OLD_COLLATION_CONNECTION=@@COLLATION_CONNECTION */;
/*!40101 SET NAMES utf8 */;
/*!40103 SET @OLD_TIME_ZONE=@@TIME_ZONE */;
/*!40103 SET TIME_ZONE='+00:00' */;
/*!40014 SET @OLD_UNIQUE_CHECKS=@@UNIQUE_CHECKS, UNIQUE_CHECKS=0 */;
/*!40014 SET @OLD_FOREIGN_KEY_CHECKS=@@FOREIGN_KEY_CHECKS, FOREIGN_KEY_CHECKS=0 */;
/*!40101 SET @OLD_SQL_MODE=@@SQL_MODE, SQL_MODE='NO_AUTO_VALUE_ON_ZERO' */;
/*!40111 SET @OLD_SQL_NOTES=@@SQL_NOTES, SQL_NOTES=0 */;

--
-- Table structure for table `auth_group`
--

DROP TABLE IF EXISTS `auth_group`;
/*!40101 SET @saved_cs_client     = @@character_set_client */;
/*!40101 SET character_set_client = utf8 */;
CREATE TABLE `auth_group` (
  `id` int(11) NOT NULL AUTO_INCREMENT,
  `name` varchar(80) NOT NULL,
  PRIMARY KEY (`id`),
  UNIQUE KEY `name` (`name`)
) ENGINE=InnoDB DEFAULT CHARSET=utf8mb4;
/*!40101 SET character_set_client = @saved_cs_client */;

--
-- Dumping data for table `auth_group`
--

LOCK TABLES `auth_group` WRITE;
/*!40000 ALTER TABLE `auth_group` DISABLE KEYS */;
/*!40000 ALTER TABLE `auth_group` ENABLE KEYS */;
UNLOCK TABLES;

--
-- Table structure for table `auth_group_permissions`
--

DROP TABLE IF EXISTS `auth_group_permissions`;
/*!40101 SET @saved_cs_client     = @@character_set_client */;
/*!40101 SET character_set_client = utf8 */;
CREATE TABLE `auth_group_permissions` (
  `id` int(11) NOT NULL AUTO_INCREMENT,
  `group_id` int(11) NOT NULL,
  `permission_id` int(11) NOT NULL,
  PRIMARY KEY (`id`),
  UNIQUE KEY `auth_group_permissions_group_id_permission_id_0cd325b0_uniq` (`group_id`,`permission_id`),
  KEY `auth_group_permissio_permission_id_84c5c92e_fk_auth_perm` (`permission_id`),
  CONSTRAINT `auth_group_permissio_permission_id_84c5c92e_fk_auth_perm` FOREIGN KEY (`permission_id`) REFERENCES `auth_permission` (`id`),
  CONSTRAINT `auth_group_permissions_group_id_b120cbf9_fk_auth_group_id` FOREIGN KEY (`group_id`) REFERENCES `auth_group` (`id`)
) ENGINE=InnoDB DEFAULT CHARSET=utf8mb4;
/*!40101 SET character_set_client = @saved_cs_client */;

--
-- Dumping data for table `auth_group_permissions`
--

LOCK TABLES `auth_group_permissions` WRITE;
/*!40000 ALTER TABLE `auth_group_permissions` DISABLE KEYS */;
/*!40000 ALTER TABLE `auth_group_permissions` ENABLE KEYS */;
UNLOCK TABLES;

--
-- Table structure for table `auth_permission`
--

DROP TABLE IF EXISTS `auth_permission`;
/*!40101 SET @saved_cs_client     = @@character_set_client */;
/*!40101 SET character_set_client = utf8 */;
CREATE TABLE `auth_permission` (
  `id` int(11) NOT NULL AUTO_INCREMENT,
  `name` varchar(255) NOT NULL,
  `content_type_id` int(11) NOT NULL,
  `codename` varchar(100) NOT NULL,
  PRIMARY KEY (`id`),
  UNIQUE KEY `auth_permission_content_type_id_codename_01ab375a_uniq` (`content_type_id`,`codename`),
  CONSTRAINT `auth_permission_content_type_id_2f476e4b_fk_django_co` FOREIGN KEY (`content_type_id`) REFERENCES `django_content_type` (`id`)
) ENGINE=InnoDB AUTO_INCREMENT=43 DEFAULT CHARSET=utf8mb4;
/*!40101 SET character_set_client = @saved_cs_client */;

--
-- Dumping data for table `auth_permission`
--

LOCK TABLES `auth_permission` WRITE;
/*!40000 ALTER TABLE `auth_permission` DISABLE KEYS */;
INSERT INTO `auth_permission` VALUES (1,'Can add log entry',1,'add_logentry'),(2,'Can change log entry',1,'change_logentry'),(3,'Can delete log entry',1,'delete_logentry'),(4,'Can add permission',2,'add_permission'),(5,'Can change permission',2,'change_permission'),(6,'Can delete permission',2,'delete_permission'),(7,'Can add user',3,'add_user'),(8,'Can change user',3,'change_user'),(9,'Can delete user',3,'delete_user'),(10,'Can add group',4,'add_group'),(11,'Can change group',4,'change_group'),(12,'Can delete group',4,'delete_group'),(13,'Can add content type',5,'add_contenttype'),(14,'Can change content type',5,'change_contenttype'),(15,'Can delete content type',5,'delete_contenttype'),(16,'Can add session',6,'add_session'),(17,'Can change session',6,'change_session'),(18,'Can delete session',6,'delete_session'),(19,'Can add users',7,'add_users'),(20,'Can change users',7,'change_users'),(21,'Can delete users',7,'delete_users'),(22,'Can add cates',8,'add_cates'),(23,'Can change cates',8,'change_cates'),(24,'Can delete cates',8,'delete_cates'),(25,'Can add goods',9,'add_goods'),(26,'Can change goods',9,'change_goods'),(27,'Can delete goods',9,'delete_goods'),(28,'Can add cart',10,'add_cart'),(29,'Can change cart',10,'change_cart'),(30,'Can delete cart',10,'delete_cart'),(31,'Can add citys',11,'add_citys'),(32,'Can change citys',11,'change_citys'),(33,'Can delete citys',11,'delete_citys'),(34,'Can add address',12,'add_address'),(35,'Can change address',12,'change_address'),(36,'Can delete address',12,'delete_address'),(37,'Can add order',13,'add_order'),(38,'Can change order',13,'change_order'),(39,'Can delete order',13,'delete_order'),(40,'Can add orderinfo',14,'add_orderinfo'),(41,'Can change orderinfo',14,'change_orderinfo'),(42,'Can delete orderinfo',14,'delete_orderinfo');
/*!40000 ALTER TABLE `auth_permission` ENABLE KEYS */;
UNLOCK TABLES;

--
-- Table structure for table `auth_user`
--

DROP TABLE IF EXISTS `auth_user`;
/*!40101 SET @saved_cs_client     = @@character_set_client */;
/*!40101 SET character_set_client = utf8 */;
CREATE TABLE `auth_user` (
  `id` int(11) NOT NULL AUTO_INCREMENT,
  `password` varchar(128) NOT NULL,
  `last_login` datetime(6) DEFAULT NULL,
  `is_superuser` tinyint(1) NOT NULL,
  `username` varchar(150) NOT NULL,
  `first_name` varchar(30) NOT NULL,
  `last_name` varchar(30) NOT NULL,
  `email` varchar(254) NOT NULL,
  `is_staff` tinyint(1) NOT NULL,
  `is_active` tinyint(1) NOT NULL,
  `date_joined` datetime(6) NOT NULL,
  PRIMARY KEY (`id`),
  UNIQUE KEY `username` (`username`)
) ENGINE=InnoDB DEFAULT CHARSET=utf8mb4;
/*!40101 SET character_set_client = @saved_cs_client */;

--
-- Dumping data for table `auth_user`
--

LOCK TABLES `auth_user` WRITE;
/*!40000 ALTER TABLE `auth_user` DISABLE KEYS */;
/*!40000 ALTER TABLE `auth_user` ENABLE KEYS */;
UNLOCK TABLES;

--
-- Table structure for table `auth_user_groups`
--

DROP TABLE IF EXISTS `auth_user_groups`;
/*!40101 SET @saved_cs_client     = @@character_set_client */;
/*!40101 SET character_set_client = utf8 */;
CREATE TABLE `auth_user_groups` (
  `id` int(11) NOT NULL AUTO_INCREMENT,
  `user_id` int(11) NOT NULL,
  `group_id` int(11) NOT NULL,
  PRIMARY KEY (`id`),
  UNIQUE KEY `auth_user_groups_user_id_group_id_94350c0c_uniq` (`user_id`,`group_id`),
  KEY `auth_user_groups_group_id_97559544_fk_auth_group_id` (`group_id`),
  CONSTRAINT `auth_user_groups_group_id_97559544_fk_auth_group_id` FOREIGN KEY (`group_id`) REFERENCES `auth_group` (`id`),
  CONSTRAINT `auth_user_groups_user_id_6a12ed8b_fk_auth_user_id` FOREIGN KEY (`user_id`) REFERENCES `auth_user` (`id`)
) ENGINE=InnoDB DEFAULT CHARSET=utf8mb4;
/*!40101 SET character_set_client = @saved_cs_client */;

--
-- Dumping data for table `auth_user_groups`
--

LOCK TABLES `auth_user_groups` WRITE;
/*!40000 ALTER TABLE `auth_user_groups` DISABLE KEYS */;
/*!40000 ALTER TABLE `auth_user_groups` ENABLE KEYS */;
UNLOCK TABLES;

--
-- Table structure for table `auth_user_user_permissions`
--

DROP TABLE IF EXISTS `auth_user_user_permissions`;
/*!40101 SET @saved_cs_client     = @@character_set_client */;
/*!40101 SET character_set_client = utf8 */;
CREATE TABLE `auth_user_user_permissions` (
  `id` int(11) NOT NULL AUTO_INCREMENT,
  `user_id` int(11) NOT NULL,
  `permission_id` int(11) NOT NULL,
  PRIMARY KEY (`id`),
  UNIQUE KEY `auth_user_user_permissions_user_id_permission_id_14a6b632_uniq` (`user_id`,`permission_id`),
  KEY `auth_user_user_permi_permission_id_1fbb5f2c_fk_auth_perm` (`permission_id`),
  CONSTRAINT `auth_user_user_permi_permission_id_1fbb5f2c_fk_auth_perm` FOREIGN KEY (`permission_id`) REFERENCES `auth_permission` (`id`),
  CONSTRAINT `auth_user_user_permissions_user_id_a95ead1b_fk_auth_user_id` FOREIGN KEY (`user_id`) REFERENCES `auth_user` (`id`)
) ENGINE=InnoDB DEFAULT CHARSET=utf8mb4;
/*!40101 SET character_set_client = @saved_cs_client */;

--
-- Dumping data for table `auth_user_user_permissions`
--

LOCK TABLES `auth_user_user_permissions` WRITE;
/*!40000 ALTER TABLE `auth_user_user_permissions` DISABLE KEYS */;
/*!40000 ALTER TABLE `auth_user_user_permissions` ENABLE KEYS */;
UNLOCK TABLES;

--
-- Table structure for table `django_admin_log`
--

DROP TABLE IF EXISTS `django_admin_log`;
/*!40101 SET @saved_cs_client     = @@character_set_client */;
/*!40101 SET character_set_client = utf8 */;
CREATE TABLE `django_admin_log` (
  `id` int(11) NOT NULL AUTO_INCREMENT,
  `action_time` datetime(6) NOT NULL,
  `object_id` longtext,
  `object_repr` varchar(200) NOT NULL,
  `action_flag` smallint(5) unsigned NOT NULL,
  `change_message` longtext NOT NULL,
  `content_type_id` int(11) DEFAULT NULL,
  `user_id` int(11) NOT NULL,
  PRIMARY KEY (`id`),
  KEY `django_admin_log_content_type_id_c4bce8eb_fk_django_co` (`content_type_id`),
  KEY `django_admin_log_user_id_c564eba6_fk_auth_user_id` (`user_id`),
  CONSTRAINT `django_admin_log_content_type_id_c4bce8eb_fk_django_co` FOREIGN KEY (`content_type_id`) REFERENCES `django_content_type` (`id`),
  CONSTRAINT `django_admin_log_user_id_c564eba6_fk_auth_user_id` FOREIGN KEY (`user_id`) REFERENCES `auth_user` (`id`)
) ENGINE=InnoDB DEFAULT CHARSET=utf8mb4;
/*!40101 SET character_set_client = @saved_cs_client */;

--
-- Dumping data for table `django_admin_log`
--

LOCK TABLES `django_admin_log` WRITE;
/*!40000 ALTER TABLE `django_admin_log` DISABLE KEYS */;
/*!40000 ALTER TABLE `django_admin_log` ENABLE KEYS */;
UNLOCK TABLES;

--
-- Table structure for table `django_content_type`
--

DROP TABLE IF EXISTS `django_content_type`;
/*!40101 SET @saved_cs_client     = @@character_set_client */;
/*!40101 SET character_set_client = utf8 */;
CREATE TABLE `django_content_type` (
  `id` int(11) NOT NULL AUTO_INCREMENT,
  `app_label` varchar(100) NOT NULL,
  `model` varchar(100) NOT NULL,
  PRIMARY KEY (`id`),
  UNIQUE KEY `django_content_type_app_label_model_76bd3d3b_uniq` (`app_label`,`model`)
) ENGINE=InnoDB AUTO_INCREMENT=15 DEFAULT CHARSET=utf8mb4;
/*!40101 SET character_set_client = @saved_cs_client */;

--
-- Dumping data for table `django_content_type`
--

LOCK TABLES `django_content_type` WRITE;
/*!40000 ALTER TABLE `django_content_type` DISABLE KEYS */;
INSERT INTO `django_content_type` VALUES (1,'admin','logentry'),(4,'auth','group'),(2,'auth','permission'),(3,'auth','user'),(5,'contenttypes','contenttype'),(12,'myadmin','address'),(10,'myadmin','cart'),(8,'myadmin','cates'),(11,'myadmin','citys'),(9,'myadmin','goods'),(13,'myadmin','order'),(14,'myadmin','orderinfo'),(7,'myadmin','users'),(6,'sessions','session');
/*!40000 ALTER TABLE `django_content_type` ENABLE KEYS */;
UNLOCK TABLES;

--
-- Table structure for table `django_migrations`
--

DROP TABLE IF EXISTS `django_migrations`;
/*!40101 SET @saved_cs_client     = @@character_set_client */;
/*!40101 SET character_set_client = utf8 */;
CREATE TABLE `django_migrations` (
  `id` int(11) NOT NULL AUTO_INCREMENT,
  `app` varchar(255) NOT NULL,
  `name` varchar(255) NOT NULL,
  `applied` datetime(6) NOT NULL,
  PRIMARY KEY (`id`)
) ENGINE=InnoDB AUTO_INCREMENT=21 DEFAULT CHARSET=utf8mb4;
/*!40101 SET character_set_client = @saved_cs_client */;

--
-- Dumping data for table `django_migrations`
--

LOCK TABLES `django_migrations` WRITE;
/*!40000 ALTER TABLE `django_migrations` DISABLE KEYS */;
INSERT INTO `django_migrations` VALUES (1,'contenttypes','0001_initial','2018-11-15 17:01:56.641437'),(2,'auth','0001_initial','2018-11-15 17:01:59.893046'),(3,'admin','0001_initial','2018-11-15 17:02:00.390507'),(4,'admin','0002_logentry_remove_auto_add','2018-11-15 17:02:00.585004'),(5,'contenttypes','0002_remove_content_type_name','2018-11-15 17:02:00.904738'),(6,'auth','0002_alter_permission_name_max_length','2018-11-15 17:02:01.089507'),(7,'auth','0003_alter_user_email_max_length','2018-11-15 17:02:01.241185'),(8,'auth','0004_alter_user_username_opts','2018-11-15 17:02:01.333897'),(9,'auth','0005_alter_user_last_login_null','2018-11-15 17:02:01.542461'),(10,'auth','0006_require_contenttypes_0002','2018-11-15 17:02:01.556685'),(11,'auth','0007_alter_validators_add_error_messages','2018-11-15 17:02:01.652820'),(12,'auth','0008_alter_user_username_max_length','2018-11-15 17:02:01.876422'),(13,'myadmin','0001_initial','2018-11-15 17:02:02.053692'),(14,'sessions','0001_initial','2018-11-15 17:02:02.259527'),(15,'myadmin','0002_auto_20181115_2342','2018-11-15 23:42:22.579935'),(16,'myadmin','0003_cates','2018-11-19 16:02:31.810983'),(17,'myadmin','0004_goods','2018-11-20 10:34:19.151453'),(18,'myadmin','0005_cart','2018-11-22 15:35:59.862811'),(19,'myadmin','0006_auto_20181126_1604','2018-11-26 16:04:34.238593'),(20,'myadmin','0007_order_orderinfo','2018-11-27 15:40:39.609590');
/*!40000 ALTER TABLE `django_migrations` ENABLE KEYS */;
UNLOCK TABLES;

--
-- Table structure for table `django_session`
--

DROP TABLE IF EXISTS `django_session`;
/*!40101 SET @saved_cs_client     = @@character_set_client */;
/*!40101 SET character_set_client = utf8 */;
CREATE TABLE `django_session` (
  `session_key` varchar(40) NOT NULL,
  `session_data` longtext NOT NULL,
  `expire_date` datetime(6) NOT NULL,
  PRIMARY KEY (`session_key`),
  KEY `django_session_expire_date_a5c62663` (`expire_date`)
) ENGINE=InnoDB DEFAULT CHARSET=utf8mb4;
/*!40101 SET character_set_client = @saved_cs_client */;

--
-- Dumping data for table `django_session`
--

LOCK TABLES `django_session` WRITE;
/*!40000 ALTER TABLE `django_session` DISABLE KEYS */;
INSERT INTO `django_session` VALUES ('k21h3mdtydknv4j1z5pxjsf82e32aaq1','NThjMGFiNjdmOTYzNWVkOTE1OTU2Y2RiMDJkYjI3NDE5MTdmZGZlYTp7InZlcmlmeWNvZGUiOiIzMzU0IiwibXNnY29kZSI6eyJwaG9uZSI6IjE1NzEzODc4MTA3IiwiY29kZSI6IjYyNjIwIn19','2018-12-06 21:38:33.638801'),('m8ojfbk02occnmo0ip6xo6js3f4cchix','ZmMxYzg4NGVmZDExNmM1YTU3ZmJmMGMxMmFiMzc2MDRmOGE3YWRmYTp7InZlcmlmeWNvZGUiOiIyOTk2IiwiYWRtaW4iOnsidXNlcm5hbWUiOiJhZG1pbiJ9LCJ2aXB1c2VyIjp7InVzZXJuYW1lIjoidXNlcjE1NzEzODc4MTA3IiwicGhvbmUiOiIxNTcxMzg3ODEwNyIsInBpY191cmwiOiIvc3RhdGljL3BpY3MvdXNlci5qcGcifX0=','2018-12-12 10:15:41.008571'),('yczhd2kx80fues5ypmh0ihoa848kique','N2VjNGRlNWQyMzgwMDBhNDQzOTM1OTZjMzNkNzFiMmIwODhmZDdmODp7InZlcmlmeWNvZGUiOiI1NTQzIiwidmlwdXNlciI6eyJ1c2VybmFtZSI6ImFkbWluIn19','2018-12-11 18:52:54.252764');
/*!40000 ALTER TABLE `django_session` ENABLE KEYS */;
UNLOCK TABLES;

--
-- Table structure for table `myadmin_address`
--

DROP TABLE IF EXISTS `myadmin_address`;
/*!40101 SET @saved_cs_client     = @@character_set_client */;
/*!40101 SET character_set_client = utf8 */;
CREATE TABLE `myadmin_address` (
  `id` int(11) NOT NULL AUTO_INCREMENT,
  `name` varchar(10) NOT NULL,
  `phone` varchar(11) NOT NULL,
  `info` varchar(255) NOT NULL,
  `isselect` tinyint(1) NOT NULL,
  `uid_id` int(11) NOT NULL,
  `zhen_id` int(11) NOT NULL,
  PRIMARY KEY (`id`),
  KEY `myadmin_address_uid_id_79af8acf_fk_myadmin_users_id` (`uid_id`),
  KEY `myadmin_address_zhen_id_b73aa8a4_fk_myadmin_citys_id` (`zhen_id`),
  CONSTRAINT `myadmin_address_uid_id_79af8acf_fk_myadmin_users_id` FOREIGN KEY (`uid_id`) REFERENCES `myadmin_users` (`id`),
  CONSTRAINT `myadmin_address_zhen_id_b73aa8a4_fk_myadmin_citys_id` FOREIGN KEY (`zhen_id`) REFERENCES `myadmin_citys` (`id`)
) ENGINE=InnoDB AUTO_INCREMENT=7 DEFAULT CHARSET=utf8mb4;
/*!40101 SET character_set_client = @saved_cs_client */;

--
-- Dumping data for table `myadmin_address`
--

LOCK TABLES `myadmin_address` WRITE;
/*!40000 ALTER TABLE `myadmin_address` DISABLE KEYS */;
INSERT INTO `myadmin_address` VALUES (1,'刘航','11111','123456789',0,127,1531),(4,'郑帅','12345','12345',0,127,1158),(5,'小昭','12345','12345',1,127,1149);
/*!40000 ALTER TABLE `myadmin_address` ENABLE KEYS */;
UNLOCK TABLES;

--
-- Table structure for table `myadmin_cart`
--

DROP TABLE IF EXISTS `myadmin_cart`;
/*!40101 SET @saved_cs_client     = @@character_set_client */;
/*!40101 SET character_set_client = utf8 */;
CREATE TABLE `myadmin_cart` (
  `id` int(11) NOT NULL AUTO_INCREMENT,
  `gnum` int(11) NOT NULL,
  `gid_id` int(11) NOT NULL,
  `uid_id` int(11) NOT NULL,
  PRIMARY KEY (`id`),
  KEY `myadmin_cart_gid_id_c0dfe4e7_fk_myadmin_goods_id` (`gid_id`),
  KEY `myadmin_cart_uid_id_26f2428c_fk_myadmin_users_id` (`uid_id`),
  CONSTRAINT `myadmin_cart_gid_id_c0dfe4e7_fk_myadmin_goods_id` FOREIGN KEY (`gid_id`) REFERENCES `myadmin_goods` (`id`),
  CONSTRAINT `myadmin_cart_uid_id_26f2428c_fk_myadmin_users_id` FOREIGN KEY (`uid_id`) REFERENCES `myadmin_users` (`id`)
) ENGINE=InnoDB AUTO_INCREMENT=13 DEFAULT CHARSET=utf8mb4;
/*!40101 SET character_set_client = @saved_cs_client */;

--
-- Dumping data for table `myadmin_cart`
--

LOCK TABLES `myadmin_cart` WRITE;
/*!40000 ALTER TABLE `myadmin_cart` DISABLE KEYS */;
INSERT INTO `myadmin_cart` VALUES (2,2,6,12),(8,2,5,127),(11,1,6,127),(12,1,7,127);
/*!40000 ALTER TABLE `myadmin_cart` ENABLE KEYS */;
UNLOCK TABLES;

--
-- Table structure for table `myadmin_cates`
--

DROP TABLE IF EXISTS `myadmin_cates`;
/*!40101 SET @saved_cs_client     = @@character_set_client */;
/*!40101 SET character_set_client = utf8 */;
CREATE TABLE `myadmin_cates` (
  `id` int(11) NOT NULL AUTO_INCREMENT,
  `name` varchar(30) NOT NULL,
  `pid` int(11) NOT NULL,
  `path` varchar(30) NOT NULL,
  `isDelete` tinyint(1) NOT NULL,
  PRIMARY KEY (`id`)
) ENGINE=InnoDB AUTO_INCREMENT=43 DEFAULT CHARSET=utf8mb4;
/*!40101 SET character_set_client = @saved_cs_client */;

--
-- Dumping data for table `myadmin_cates`
--

LOCK TABLES `myadmin_cates` WRITE;
/*!40000 ALTER TABLE `myadmin_cates` DISABLE KEYS */;
INSERT INTO `myadmin_cates` VALUES (15,'手机',0,'0,',1),(16,'魅族手机',15,'0,15,',1),(22,'魅蓝手机',15,'0,15,',1),(27,'智能设备',0,'0,',1),(28,'智能穿戴',0,'0,',1),(29,'智能健康',27,'0,27,',1),(30,'智能厨房',27,'0,27,',1),(33,'智能手环',28,'0,28,',1),(34,'游戏设备',0,'0,',1),(35,'游戏手柄',34,'0,34,',1),(36,'游戏键鼠',34,'0,34,',1),(37,'数码影音',0,'0,',1),(38,'耳机',37,'0,37,',1),(39,'音箱',37,'0,37,',1),(40,'移动电源',37,'0,37,',1),(41,'智能VR',28,'0,28,',1),(42,'222',15,'0,15,',0);
/*!40000 ALTER TABLE `myadmin_cates` ENABLE KEYS */;
UNLOCK TABLES;

--
-- Table structure for table `myadmin_citys`
--

DROP TABLE IF EXISTS `myadmin_citys`;
/*!40101 SET @saved_cs_client     = @@character_set_client */;
/*!40101 SET character_set_client = utf8 */;
CREATE TABLE `myadmin_citys` (
  `id` int(11) NOT NULL AUTO_INCREMENT,
  `name` varchar(30) NOT NULL,
  `level` int(11) NOT NULL,
  `upid` int(11) NOT NULL,
  PRIMARY KEY (`id`)
) ENGINE=InnoDB AUTO_INCREMENT=5025 DEFAULT CHARSET=utf8mb4;
/*!40101 SET character_set_client = @saved_cs_client */;

--
-- Dumping data for table `myadmin_citys`
--

LOCK TABLES `myadmin_citys` WRITE;
/*!40000 ALTER TABLE `myadmin_citys` DISABLE KEYS */;
INSERT INTO `myadmin_citys` VALUES (1,'北京市',1,0),(2,'天津市',1,0),(3,'河北省',1,0),(4,'山西省',1,0),(5,'内蒙古自治区',1,0),(6,'辽宁省',1,0),(7,'吉林省',1,0),(8,'黑龙江省',1,0),(9,'上海市',1,0),(10,'江苏省',1,0),(11,'浙江省',1,0),(12,'安徽省',1,0),(13,'福建省',1,0),(14,'江西省',1,0),(15,'山东省',1,0),(16,'河南省',1,0),(17,'湖北省',1,0),(18,'湖南省',1,0),(19,'广东省',1,0),(20,'广西壮族自治区',1,0),(21,'海南省',1,0),(22,'重庆市',1,0),(23,'四川省',1,0),(24,'贵州省',1,0),(25,'云南省',1,0),(26,'西藏自治区',1,0),(27,'陕西省',1,0),(28,'甘肃省',1,0),(29,'青海省',1,0),(30,'宁夏回族自治区',1,0),(31,'新疆维吾尔自治区',1,0),(32,'台湾省',1,0),(33,'香港特别行政区',1,0),(34,'澳门特别行政区',1,0),(35,'海外',1,0),(36,'其他',1,0),(37,'东城区',2,1),(38,'西城区',2,1),(39,'崇文区',2,1),(40,'宣武区',2,1),(41,'朝阳区',2,1),(42,'丰台区',2,1),(43,'石景山区',2,1),(44,'海淀区',2,1),(45,'门头沟区',2,1),(46,'房山区',2,1),(47,'通州区',2,1),(48,'顺义区',2,1),(49,'昌平区',2,1),(50,'大兴区',2,1),(51,'怀柔区',2,1),(52,'平谷区',2,1),(53,'密云县',2,1),(54,'延庆县',2,1),(55,'和平区',2,2),(56,'河东区',2,2),(57,'河西区',2,2),(58,'南开区',2,2),(59,'河北区',2,2),(60,'红桥区',2,2),(61,'塘沽区',2,2),(62,'汉沽区',2,2),(63,'大港区',2,2),(64,'东丽区',2,2),(65,'西青区',2,2),(66,'津南区',2,2),(67,'北辰区',2,2),(68,'武清区',2,2),(69,'宝坻区',2,2),(70,'宁河县',2,2),(71,'静海县',2,2),(72,'蓟县',2,2),(73,'石家庄市',2,3),(74,'唐山市',2,3),(75,'秦皇岛市',2,3),(76,'邯郸市',2,3),(77,'邢台市',2,3),(78,'保定市',2,3),(79,'张家口市',2,3),(80,'承德市',2,3),(81,'衡水市',2,3),(82,'廊坊市',2,3),(83,'沧州市',2,3),(84,'太原市',2,4),(85,'大同市',2,4),(86,'阳泉市',2,4),(87,'长治市',2,4),(88,'晋城市',2,4),(89,'朔州市',2,4),(90,'晋中市',2,4),(91,'运城市',2,4),(92,'忻州市',2,4),(93,'临汾市',2,4),(94,'吕梁市',2,4),(95,'呼和浩特市',2,5),(96,'包头市',2,5),(97,'乌海市',2,5),(98,'赤峰市',2,5),(99,'通辽市',2,5),(100,'鄂尔多斯市',2,5),(101,'呼伦贝尔市',2,5),(102,'巴彦淖尔市',2,5),(103,'乌兰察布市',2,5),(104,'兴安盟',2,5),(105,'锡林郭勒盟',2,5),(106,'阿拉善盟',2,5),(107,'沈阳市',2,6),(108,'大连市',2,6),(109,'鞍山市',2,6),(110,'抚顺市',2,6),(111,'本溪市',2,6),(112,'丹东市',2,6),(113,'锦州市',2,6),(114,'营口市',2,6),(115,'阜新市',2,6),(116,'辽阳市',2,6),(117,'盘锦市',2,6),(118,'铁岭市',2,6),(119,'朝阳市',2,6),(120,'葫芦岛市',2,6),(121,'长春市',2,7),(122,'吉林市',2,7),(123,'四平市',2,7),(124,'辽源市',2,7),(125,'通化市',2,7),(126,'白山市',2,7),(127,'松原市',2,7),(128,'白城市',2,7),(129,'延边朝鲜族自治州',2,7),(130,'哈尔滨市',2,8),(131,'齐齐哈尔市',2,8),(132,'鸡西市',2,8),(133,'鹤岗市',2,8),(134,'双鸭山市',2,8),(135,'大庆市',2,8),(136,'伊春市',2,8),(137,'佳木斯市',2,8),(138,'七台河市',2,8),(139,'牡丹江市',2,8),(140,'黑河市',2,8),(141,'绥化市',2,8),(142,'大兴安岭地区',2,8),(143,'黄浦区',2,9),(144,'卢湾区',2,9),(145,'徐汇区',2,9),(146,'长宁区',2,9),(147,'静安区',2,9),(148,'普陀区',2,9),(149,'闸北区',2,9),(150,'虹口区',2,9),(151,'杨浦区',2,9),(152,'闵行区',2,9),(153,'宝山区',2,9),(154,'嘉定区',2,9),(155,'浦东新区',2,9),(156,'金山区',2,9),(157,'松江区',2,9),(158,'青浦区',2,9),(159,'南汇区',2,9),(160,'奉贤区',2,9),(161,'崇明县',2,9),(162,'南京市',2,10),(163,'无锡市',2,10),(164,'徐州市',2,10),(165,'常州市',2,10),(166,'苏州市',2,10),(167,'南通市',2,10),(168,'连云港市',2,10),(169,'淮安市',2,10),(170,'盐城市',2,10),(171,'扬州市',2,10),(172,'镇江市',2,10),(173,'泰州市',2,10),(174,'宿迁市',2,10),(175,'杭州市',2,11),(176,'宁波市',2,11),(177,'温州市',2,11),(178,'嘉兴市',2,11),(179,'湖州市',2,11),(180,'绍兴市',2,11),(181,'舟山市',2,11),(182,'衢州市',2,11),(183,'金华市',2,11),(184,'台州市',2,11),(185,'丽水市',2,11),(186,'合肥市',2,12),(187,'芜湖市',2,12),(188,'蚌埠市',2,12),(189,'淮南市',2,12),(190,'马鞍山市',2,12),(191,'淮北市',2,12),(192,'铜陵市',2,12),(193,'安庆市',2,12),(194,'黄山市',2,12),(195,'滁州市',2,12),(196,'阜阳市',2,12),(197,'宿州市',2,12),(198,'巢湖市',2,12),(199,'六安市',2,12),(200,'亳州市',2,12),(201,'池州市',2,12),(202,'宣城市',2,12),(203,'福州市',2,13),(204,'厦门市',2,13),(205,'莆田市',2,13),(206,'三明市',2,13),(207,'泉州市',2,13),(208,'漳州市',2,13),(209,'南平市',2,13),(210,'龙岩市',2,13),(211,'宁德市',2,13),(212,'南昌市',2,14),(213,'景德镇市',2,14),(214,'萍乡市',2,14),(215,'九江市',2,14),(216,'新余市',2,14),(217,'鹰潭市',2,14),(218,'赣州市',2,14),(219,'吉安市',2,14),(220,'宜春市',2,14),(221,'抚州市',2,14),(222,'上饶市',2,14),(223,'济南市',2,15),(224,'青岛市',2,15),(225,'淄博市',2,15),(226,'枣庄市',2,15),(227,'东营市',2,15),(228,'烟台市',2,15),(229,'潍坊市',2,15),(230,'济宁市',2,15),(231,'泰安市',2,15),(232,'威海市',2,15),(233,'日照市',2,15),(234,'莱芜市',2,15),(235,'临沂市',2,15),(236,'德州市',2,15),(237,'聊城市',2,15),(238,'滨州市',2,15),(239,'菏泽市',2,15),(240,'郑州市',2,16),(241,'开封市',2,16),(242,'洛阳市',2,16),(243,'平顶山市',2,16),(244,'安阳市',2,16),(245,'鹤壁市',2,16),(246,'新乡市',2,16),(247,'焦作市',2,16),(248,'濮阳市',2,16),(249,'许昌市',2,16),(250,'漯河市',2,16),(251,'三门峡市',2,16),(252,'南阳市',2,16),(253,'商丘市',2,16),(254,'信阳市',2,16),(255,'周口市',2,16),(256,'驻马店市',2,16),(257,'济源市',2,16),(258,'武汉市',2,17),(259,'黄石市',2,17),(260,'十堰市',2,17),(261,'宜昌市',2,17),(262,'襄樊市',2,17),(263,'鄂州市',2,17),(264,'荆门市',2,17),(265,'孝感市',2,17),(266,'荆州市',2,17),(267,'黄冈市',2,17),(268,'咸宁市',2,17),(269,'随州市',2,17),(270,'恩施土家族苗族自治州',2,17),(271,'仙桃市',2,17),(272,'潜江市',2,17),(273,'天门市',2,17),(274,'神农架林区',2,17),(275,'长沙市',2,18),(276,'株洲市',2,18),(277,'湘潭市',2,18),(278,'衡阳市',2,18),(279,'邵阳市',2,18),(280,'岳阳市',2,18),(281,'常德市',2,18),(282,'张家界市',2,18),(283,'益阳市',2,18),(284,'郴州市',2,18),(285,'永州市',2,18),(286,'怀化市',2,18),(287,'娄底市',2,18),(288,'湘西土家族苗族自治州',2,18),(289,'广州市',2,19),(290,'韶关市',2,19),(291,'深圳市',2,19),(292,'珠海市',2,19),(293,'汕头市',2,19),(294,'佛山市',2,19),(295,'江门市',2,19),(296,'湛江市',2,19),(297,'茂名市',2,19),(298,'肇庆市',2,19),(299,'惠州市',2,19),(300,'梅州市',2,19),(301,'汕尾市',2,19),(302,'河源市',2,19),(303,'阳江市',2,19),(304,'清远市',2,19),(305,'东莞市',2,19),(306,'中山市',2,19),(307,'潮州市',2,19),(308,'揭阳市',2,19),(309,'云浮市',2,19),(310,'南宁市',2,20),(311,'柳州市',2,20),(312,'桂林市',2,20),(313,'梧州市',2,20),(314,'北海市',2,20),(315,'防城港市',2,20),(316,'钦州市',2,20),(317,'贵港市',2,20),(318,'玉林市',2,20),(319,'百色市',2,20),(320,'贺州市',2,20),(321,'河池市',2,20),(322,'来宾市',2,20),(323,'崇左市',2,20),(324,'海口市',2,21),(325,'三亚市',2,21),(326,'五指山市',2,21),(327,'琼海市',2,21),(328,'儋州市',2,21),(329,'文昌市',2,21),(330,'万宁市',2,21),(331,'东方市',2,21),(332,'定安县',2,21),(333,'屯昌县',2,21),(334,'澄迈县',2,21),(335,'临高县',2,21),(336,'白沙黎族自治县',2,21),(337,'昌江黎族自治县',2,21),(338,'乐东黎族自治县',2,21),(339,'陵水黎族自治县',2,21),(340,'保亭黎族苗族自治县',2,21),(341,'琼中黎族苗族自治县',2,21),(342,'西沙群岛',2,21),(343,'南沙群岛',2,21),(344,'中沙群岛的岛礁及其海域',2,21),(345,'万州区',2,22),(346,'涪陵区',2,22),(347,'渝中区',2,22),(348,'大渡口区',2,22),(349,'江北区',2,22),(350,'沙坪坝区',2,22),(351,'九龙坡区',2,22),(352,'南岸区',2,22),(353,'北碚区',2,22),(354,'双桥区',2,22),(355,'万盛区',2,22),(356,'渝北区',2,22),(357,'巴南区',2,22),(358,'黔江区',2,22),(359,'长寿区',2,22),(360,'綦江县',2,22),(361,'潼南县',2,22),(362,'铜梁县',2,22),(363,'大足县',2,22),(364,'荣昌县',2,22),(365,'璧山县',2,22),(366,'梁平县',2,22),(367,'城口县',2,22),(368,'丰都县',2,22),(369,'垫江县',2,22),(370,'武隆县',2,22),(371,'忠县',2,22),(372,'开县',2,22),(373,'云阳县',2,22),(374,'奉节县',2,22),(375,'巫山县',2,22),(376,'巫溪县',2,22),(377,'石柱土家族自治县',2,22),(378,'秀山土家族苗族自治县',2,22),(379,'酉阳土家族苗族自治县',2,22),(380,'彭水苗族土家族自治县',2,22),(381,'江津市',2,22),(382,'合川市',2,22),(383,'永川市',2,22),(384,'南川市',2,22),(385,'成都市',2,23),(386,'自贡市',2,23),(387,'攀枝花市',2,23),(388,'泸州市',2,23),(389,'德阳市',2,23),(390,'绵阳市',2,23),(391,'广元市',2,23),(392,'遂宁市',2,23),(393,'内江市',2,23),(394,'乐山市',2,23),(395,'南充市',2,23),(396,'眉山市',2,23),(397,'宜宾市',2,23),(398,'广安市',2,23),(399,'达州市',2,23),(400,'雅安市',2,23),(401,'巴中市',2,23),(402,'资阳市',2,23),(403,'阿坝藏族羌族自治州',2,23),(404,'甘孜藏族自治州',2,23),(405,'凉山彝族自治州',2,23),(406,'贵阳市',2,24),(407,'六盘水市',2,24),(408,'遵义市',2,24),(409,'安顺市',2,24),(410,'铜仁地区',2,24),(411,'黔西南布依族苗族自治州',2,24),(412,'毕节地区',2,24),(413,'黔东南苗族侗族自治州',2,24),(414,'黔南布依族苗族自治州',2,24),(415,'昆明市',2,25),(416,'曲靖市',2,25),(417,'玉溪市',2,25),(418,'保山市',2,25),(419,'昭通市',2,25),(420,'丽江市',2,25),(421,'思茅市',2,25),(422,'临沧市',2,25),(423,'楚雄彝族自治州',2,25),(424,'红河哈尼族彝族自治州',2,25),(425,'文山壮族苗族自治州',2,25),(426,'西双版纳傣族自治州',2,25),(427,'大理白族自治州',2,25),(428,'德宏傣族景颇族自治州',2,25),(429,'怒江傈僳族自治州',2,25),(430,'迪庆藏族自治州',2,25),(431,'拉萨市',2,26),(432,'昌都地区',2,26),(433,'山南地区',2,26),(434,'日喀则地区',2,26),(435,'那曲地区',2,26),(436,'阿里地区',2,26),(437,'林芝地区',2,26),(438,'西安市',2,27),(439,'铜川市',2,27),(440,'宝鸡市',2,27),(441,'咸阳市',2,27),(442,'渭南市',2,27),(443,'延安市',2,27),(444,'汉中市',2,27),(445,'榆林市',2,27),(446,'安康市',2,27),(447,'商洛市',2,27),(448,'兰州市',2,28),(449,'嘉峪关市',2,28),(450,'金昌市',2,28),(451,'白银市',2,28),(452,'天水市',2,28),(453,'武威市',2,28),(454,'张掖市',2,28),(455,'平凉市',2,28),(456,'酒泉市',2,28),(457,'庆阳市',2,28),(458,'定西市',2,28),(459,'陇南市',2,28),(460,'临夏回族自治州',2,28),(461,'甘南藏族自治州',2,28),(462,'西宁市',2,29),(463,'海东地区',2,29),(464,'海北藏族自治州',2,29),(465,'黄南藏族自治州',2,29),(466,'海南藏族自治州',2,29),(467,'果洛藏族自治州',2,29),(468,'玉树藏族自治州',2,29),(469,'海西蒙古族藏族自治州',2,29),(470,'银川市',2,30),(471,'石嘴山市',2,30),(472,'吴忠市',2,30),(473,'固原市',2,30),(474,'中卫市',2,30),(475,'乌鲁木齐市',2,31),(476,'克拉玛依市',2,31),(477,'吐鲁番地区',2,31),(478,'哈密地区',2,31),(479,'昌吉回族自治州',2,31),(480,'博尔塔拉蒙古自治州',2,31),(481,'巴音郭楞蒙古自治州',2,31),(482,'阿克苏地区',2,31),(483,'克孜勒苏柯尔克孜自治州',2,31),(484,'喀什地区',2,31),(485,'和田地区',2,31),(486,'伊犁哈萨克自治州',2,31),(487,'塔城地区',2,31),(488,'阿勒泰地区',2,31),(489,'石河子市',2,31),(490,'阿拉尔市',2,31),(491,'图木舒克市',2,31),(492,'五家渠市',2,31),(493,'台北市',2,32),(494,'高雄市',2,32),(495,'基隆市',2,32),(496,'台中市',2,32),(497,'台南市',2,32),(498,'新竹市',2,32),(499,'嘉义市',2,32),(500,'台北县',2,32),(501,'宜兰县',2,32),(502,'桃园县',2,32),(503,'新竹县',2,32),(504,'苗栗县',2,32),(505,'台中县',2,32),(506,'彰化县',2,32),(507,'南投县',2,32),(508,'云林县',2,32),(509,'嘉义县',2,32),(510,'台南县',2,32),(511,'高雄县',2,32),(512,'屏东县',2,32),(513,'澎湖县',2,32),(514,'台东县',2,32),(515,'花莲县',2,32),(516,'中西区',2,33),(517,'东区',2,33),(518,'九龙城区',2,33),(519,'观塘区',2,33),(520,'南区',2,33),(521,'深水埗区',2,33),(522,'黄大仙区',2,33),(523,'湾仔区',2,33),(524,'油尖旺区',2,33),(525,'离岛区',2,33),(526,'葵青区',2,33),(527,'北区',2,33),(528,'西贡区',2,33),(529,'沙田区',2,33),(530,'屯门区',2,33),(531,'大埔区',2,33),(532,'荃湾区',2,33),(533,'元朗区',2,33),(534,'澳门特别行政区',2,34),(535,'美国',2,35),(536,'加拿大',2,35),(537,'澳大利亚',2,35),(538,'新西兰',2,35),(539,'英国',2,35),(540,'法国',2,35),(541,'德国',2,35),(542,'捷克',2,35),(543,'荷兰',2,35),(544,'瑞士',2,35),(545,'希腊',2,35),(546,'挪威',2,35),(547,'瑞典',2,35),(548,'丹麦',2,35),(549,'芬兰',2,35),(550,'爱尔兰',2,35),(551,'奥地利',2,35),(552,'意大利',2,35),(553,'乌克兰',2,35),(554,'俄罗斯',2,35),(555,'西班牙',2,35),(556,'韩国',2,35),(557,'新加坡',2,35),(558,'马来西亚',2,35),(559,'印度',2,35),(560,'泰国',2,35),(561,'日本',2,35),(562,'巴西',2,35),(563,'阿根廷',2,35),(564,'南非',2,35),(565,'埃及',2,35),(566,'其他',2,36),(567,'东华门街道',3,37),(568,'东四街道',3,37),(569,'东直门街道',3,37),(570,'交道口街道',3,37),(571,'北新桥街道',3,37),(572,'和平里街道',3,37),(573,'安定门街道',3,37),(574,'建国门街道',3,37),(575,'景山街道',3,37),(576,'朝阳门街道',3,37),(577,'什刹海街道',3,38),(578,'展览路街道',3,38),(579,'德胜街道',3,38),(580,'新街口街道',3,38),(581,'月坛街道',3,38),(582,'西长安街街道',3,38),(583,'金融街街道',3,38),(584,'东花市街道',3,39),(585,'体育馆路街道',3,39),(586,'前门街道',3,39),(587,'天坛街道',3,39),(588,'崇文门外街道',3,39),(589,'永定门外街道',3,39),(590,'龙潭街道',3,39),(591,'大栅栏街道',3,40),(592,'天桥街道',3,40),(593,'广安门内街道',3,40),(594,'广安门外街道',3,40),(595,'椿树街道',3,40),(596,'牛街街道',3,40),(597,'白纸坊街道',3,40),(598,'陶然亭街道',3,40),(599,'三里屯街道',3,41),(600,'三间房地区（三间房乡）',3,41),(601,'东坝地区（东坝乡）',3,41),(602,'东风地区（东风乡）',3,41),(603,'亚运村街道',3,41),(604,'八里庄街道',3,41),(605,'六里屯街道',3,41),(606,'劲松街道',3,41),(607,'十八里店地区（十八里店乡）',3,41),(608,'南磨房地区（南磨房乡）',3,41),(609,'双井街道',3,41),(610,'呼家楼街道',3,41),(611,'和平街街道',3,41),(612,'团结湖街道',3,41),(613,'垡头街道',3,41),(614,'大屯街道',3,41),(615,'太阳宫地区（太阳宫乡）',3,41),(616,'奥运村地区（奥运村乡）',3,41),(617,'孙河地区（孙河乡）',3,41),(618,'安贞街道',3,41),(619,'将台地区（将台乡）',3,41),(620,'小关街道',3,41),(621,'小红门地区（小红门乡）',3,41),(622,'崔各庄地区（崔各庄乡）',3,41),(623,'左家庄街道',3,41),(624,'常营回族地区（常营回族乡）',3,41),(625,'平房地区（平房乡）',3,41),(626,'建国门外街道',3,41),(627,'望京开发街道',3,41),(628,'望京街道',3,41),(629,'朝阳门外街道',3,41),(630,'来广营地区（来广营乡）',3,41),(631,'潘家园街道',3,41),(632,'王四营地区（王四营乡）',3,41),(633,'管庄地区（管庄乡）',3,41),(634,'豆各庄地区（豆各庄乡）',3,41),(635,'酒仙桥街道',3,41),(636,'金盏地区（金盏乡）',3,41),(637,'首都机场街道',3,41),(638,'香河园街道',3,41),(639,'高碑店地区（高碑店乡）',3,41),(640,'麦子店街道',3,41),(641,'黑庄户地区（黑庄户乡）',3,41),(642,'东铁匠营街道',3,42),(643,'东高地街道',3,42),(644,'丰台街道',3,42),(645,'云岗街道',3,42),(646,'南苑乡',3,42),(647,'南苑街道',3,42),(648,'卢沟桥乡',3,42),(649,'卢沟桥街道',3,42),(650,'右安门街道',3,42),(651,'和义街道',3,42),(652,'大红门街道',3,42),(653,'太平桥街道',3,42),(654,'宛平城地区',3,42),(655,'新村街道',3,42),(656,'方庄地区',3,42),(657,'王佐镇',3,42),(658,'花乡乡',3,42),(659,'西罗园街道',3,42),(660,'长辛店街道',3,42),(661,'长辛店镇',3,42),(662,'马家堡街道',3,42),(663,'五里坨街道',3,43),(664,'八宝山街道',3,43),(665,'八角街道',3,43),(666,'北辛安街道',3,43),(667,'古城街道',3,43),(668,'广宁街道',3,43),(669,'老山街道',3,43),(670,'苹果园街道',3,43),(671,'金顶街街道',3,43),(672,'鲁谷街道',3,43),(673,'万寿路街道',3,44),(674,'万柳地区（海淀乡）',3,44),(675,'上地街道',3,44),(676,'上庄镇',3,44),(677,'东升地区（东升乡）',3,44),(678,'中关村街道',3,44),(679,'八里庄街道',3,44),(680,'北下关街道',3,44),(681,'北太平庄街道',3,44),(682,'四季青镇',3,44),(683,'学院路街道',3,44),(684,'曙光街道',3,44),(685,'永定路街道',3,44),(686,'海淀街道',3,44),(687,'清华园街道',3,44),(688,'清河街道',3,44),(689,'温泉镇',3,44),(690,'燕园街道',3,44),(691,'甘家口街道',3,44),(692,'田村路街道',3,44),(693,'紫竹院街道',3,44),(694,'羊坊店街道',3,44),(695,'花园路街道',3,44),(696,'苏家坨镇',3,44),(697,'西三旗街道',3,44),(698,'西北旺镇',3,44),(699,'青龙桥街道',3,44),(700,'香山街道',3,44),(701,'马连洼街道',3,44),(702,'东辛房街道',3,45),(703,'军庄镇',3,45),(704,'城子街道',3,45),(705,'大台街道',3,45),(706,'大峪街道',3,45),(707,'妙峰山镇',3,45),(708,'斋堂镇',3,45),(709,'永定镇',3,45),(710,'清水镇',3,45),(711,'潭柘寺镇',3,45),(712,'王平地区',3,45),(713,'雁翅镇',3,45),(714,'龙泉镇',3,45),(715,'东风街道',3,46),(716,'佛子庄乡',3,46),(717,'十渡镇',3,46),(718,'南窖乡',3,46),(719,'史家营乡',3,46),(720,'向阳街道',3,46),(721,'周口店地区',3,46),(722,'城关街道',3,46),(723,'大安山乡',3,46),(724,'大石窝镇',3,46),(725,'张坊镇',3,46),(726,'拱辰街道',3,46),(727,'新镇街道',3,46),(728,'星城街道',3,46),(729,'河北镇',3,46),(730,'琉璃河地区',3,46),(731,'石楼镇',3,46),(732,'窦店镇',3,46),(733,'良乡地区',3,46),(734,'蒲洼乡',3,46),(735,'西潞街道',3,46),(736,'迎风街道',3,46),(737,'长沟镇',3,46),(738,'长阳镇',3,46),(739,'阎村镇',3,46),(740,'霞云岭乡',3,46),(741,'青龙湖镇',3,46),(742,'韩村河镇',3,46),(743,'中仓街道',3,47),(744,'于家务回族乡',3,47),(745,'北苑街道',3,47),(746,'台湖镇',3,47),(747,'宋庄镇',3,47),(748,'张家湾镇',3,47),(749,'新华街道',3,47),(750,'梨园地区',3,47),(751,'永乐店镇',3,47),(752,'永顺地区',3,47),(753,'漷县镇',3,47),(754,'潞城镇',3,47),(755,'玉桥街道',3,47),(756,'西集镇',3,47),(757,'马驹桥镇',3,47),(758,'仁和地区',3,48),(759,'光明街道',3,48),(760,'北务镇',3,48),(761,'北小营镇',3,48),(762,'北石槽镇',3,48),(763,'南彩镇',3,48),(764,'南法信地区',3,48),(765,'后沙峪地区',3,48),(766,'大孙各庄镇',3,48),(767,'天竺地区',3,48),(768,'张镇',3,48),(769,'木林镇',3,48),(770,'李桥镇',3,48),(771,'李遂镇',3,48),(772,'杨镇地区',3,48),(773,'牛栏山地区',3,48),(774,'石园街道',3,48),(775,'胜利街道',3,48),(776,'赵全营镇',3,48),(777,'马坡地区',3,48),(778,'高丽营镇',3,48),(779,'龙湾屯镇',3,48),(780,'东小口地区',3,49),(781,'兴寿镇',3,49),(782,'北七家镇',3,49),(783,'十三陵镇',3,49),(784,'南口地区',3,49),(785,'南邵镇',3,49),(786,'回龙观地区',3,49),(787,'城北街道',3,49),(788,'城南街道',3,49),(789,'小汤山镇',3,49),(790,'崔村镇',3,49),(791,'沙河地区',3,49),(792,'流村镇',3,49),(793,'百善镇',3,49),(794,'长陵镇',3,49),(795,'阳坊镇',3,49),(796,'马池口地区',3,49),(797,'亦庄地区（亦庄镇）',3,50),(798,'兴丰街道',3,50),(799,'北臧村镇',3,50),(800,'安定镇',3,50),(801,'庞各庄镇',3,50),(802,'旧宫地区（旧宫镇）',3,50),(803,'林校路街道',3,50),(804,'榆垡镇',3,50),(805,'清源街道',3,50),(806,'瀛海镇',3,50),(807,'礼贤镇',3,50),(808,'西红门地区（西红门镇）',3,50),(809,'采育镇',3,50),(810,'长子营镇',3,50),(811,'青云店镇',3,50),(812,'魏善庄镇',3,50),(813,'黄村地区（黄村镇）',3,50),(814,'九渡河镇',3,51),(815,'北房镇',3,51),(816,'喇叭沟门满族乡',3,51),(817,'宝山镇',3,51),(818,'庙城地区',3,51),(819,'怀北镇',3,51),(820,'怀柔地区',3,51),(821,'杨宋镇',3,51),(822,'桥梓镇',3,51),(823,'汤河口镇',3,51),(824,'泉河街道',3,51),(825,'渤海镇',3,51),(826,'琉璃庙镇',3,51),(827,'长哨营满族乡',3,51),(828,'雁栖地区',3,51),(829,'龙山街道',3,51),(830,'东高村镇',3,52),(831,'兴谷街道',3,52),(832,'刘家店镇',3,52),(833,'南独乐河镇',3,52),(834,'夏各庄镇',3,52),(835,'大兴庄镇',3,52),(836,'大华山镇',3,52),(837,'山东庄镇',3,52),(838,'峪口地区',3,52),(839,'渔阳地区',3,52),(840,'滨河街道',3,52),(841,'熊儿寨乡',3,52),(842,'王辛庄镇',3,52),(843,'金海湖地区',3,52),(844,'镇罗营镇',3,52),(845,'马坊地区',3,52),(846,'马昌营镇',3,52),(847,'黄松峪乡',3,52),(848,'不老屯镇',3,53),(849,'东邵渠镇',3,53),(850,'冯家峪镇',3,53),(851,'北庄镇',3,53),(852,'十里堡镇',3,53),(853,'古北口镇',3,53),(854,'大城子镇',3,53),(855,'太师屯镇',3,53),(856,'密云镇',3,53),(857,'巨各庄镇',3,53),(858,'新城子镇',3,53),(859,'果园街道',3,53),(860,'檀营地区（檀营满族蒙古族乡）',3,53),(861,'河南寨镇',3,53),(862,'溪翁庄镇',3,53),(863,'石城镇',3,53),(864,'穆家峪镇',3,53),(865,'西田各庄镇',3,53),(866,'高岭镇',3,53),(867,'鼓楼街道',3,53),(868,'井庄镇',3,54),(869,'八达岭镇',3,54),(870,'刘斌堡乡',3,54),(871,'千家店镇',3,54),(872,'四海镇',3,54),(873,'大庄科乡',3,54),(874,'大榆树镇',3,54),(875,'康庄镇',3,54),(876,'延庆镇',3,54),(877,'张山营镇',3,54),(878,'旧县镇',3,54),(879,'永宁镇',3,54),(880,'沈家营镇',3,54),(881,'珍珠泉乡',3,54),(882,'香营乡',3,54),(883,'体育馆街道',3,55),(884,'劝业场街道',3,55),(885,'南市街道',3,55),(886,'南营门街道',3,55),(887,'小白楼街道',3,55),(888,'新兴街道',3,55),(889,'上杭路街道',3,56),(890,'东新街道',3,56),(891,'中山门街道',3,56),(892,'二号桥街道',3,56),(893,'向阳楼街道',3,56),(894,'唐家口街道',3,56),(895,'大王庄街道',3,56),(896,'大直沽街道',3,56),(897,'天津铁厂街道',3,56),(898,'富民路街道',3,56),(899,'常州道街道',3,56),(900,'春华街道',3,56),(901,'鲁山道街道',3,56),(902,'下瓦房街道',3,57),(903,'东海街道',3,57),(904,'友谊路街道',3,57),(905,'大营门街道',3,57),(906,'天塔街道',3,57),(907,'尖山街道',3,57),(908,'挂甲寺街道',3,57),(909,'柳林街道',3,57),(910,'桃园街道',3,57),(911,'梅江街道',3,57),(912,'越秀路街道',3,57),(913,'陈塘庄街道',3,57),(914,'马场街道',3,57),(915,'万兴街道',3,58),(916,'体育中心街道',3,58),(917,'八里台街道',3,58),(918,'兴南街道',3,58),(919,'华苑街道',3,58),(920,'向阳路街道',3,58),(921,'嘉陵道街道',3,58),(922,'学府街道',3,58),(923,'广开街道',3,58),(924,'王顶堤街道',3,58),(925,'长虹街道',3,58),(926,'鼓楼街道',3,58),(927,'光复道街道',3,59),(928,'宁园街道',3,59),(929,'建昌道街道',3,59),(930,'新开河街道',3,59),(931,'月牙河街道',3,59),(932,'望海楼街道',3,59),(933,'江都路街道',3,59),(934,'王串场街道',3,59),(935,'铁东路街道',3,59),(936,'鸿顺里街道',3,59),(937,'丁字沽街道',3,60),(938,'三条石街道',3,60),(939,'双环村街道',3,60),(940,'咸阳北路街道',3,60),(941,'大胡同街道',3,60),(942,'芥园道街道',3,60),(943,'西于庄街道',3,60),(944,'西沽街道',3,60),(945,'邵公庄街道',3,60),(946,'铃铛阁街道',3,60),(947,'三槐路街道',3,61),(948,'北塘街道',3,61),(949,'向阳街道',3,61),(950,'大沽街道',3,61),(951,'新城镇',3,61),(952,'新村街道',3,61),(953,'新河街道',3,61),(954,'新港街道',3,61),(955,'杭州道街道',3,61),(956,'渤海石油街道',3,61),(957,'胡家园街道',3,61),(958,'解放路街道',3,61),(959,'大田镇',3,62),(960,'天化街道',3,62),(961,'寨上街道',3,62),(962,'杨家泊镇',3,62),(963,'汉沽街道',3,62),(964,'河西街道',3,62),(965,'盐场街道',3,62),(966,'茶淀镇',3,62),(967,'营城镇',3,62),(968,'中塘镇',3,63),(969,'古林街道',3,63),(970,'太平镇',3,63),(971,'小王庄镇',3,63),(972,'海滨街道',3,63),(973,'港西街道',3,63),(974,'胜利街道',3,63),(975,'迎宾街道',3,63),(976,'万新街道',3,64),(977,'丰年村街道',3,64),(978,'么六桥乡',3,64),(979,'军粮城镇',3,64),(980,'华明镇',3,64),(981,'大毕庄镇',3,64),(982,'张贵庄街道',3,64),(983,'新立街道',3,64),(984,'无瑕街道',3,64),(985,'中北镇',3,65),(986,'南河镇',3,65),(987,'大寺镇',3,65),(988,'张家窝镇',3,65),(989,'李七庄街道',3,65),(990,'杨柳青镇',3,65),(991,'王稳庄镇',3,65),(992,'西营门街道',3,65),(993,'辛口镇',3,65),(994,'八里台镇',3,66),(995,'北闸口镇',3,66),(996,'双桥河镇',3,66),(997,'双港镇',3,66),(998,'咸水沽镇',3,66),(999,'小站镇',3,66),(1000,'葛沽镇',3,66),(1001,'辛庄镇',3,66),(1002,'长青办事处',3,66),(1003,'北仓镇',3,67),(1004,'双口镇',3,67),(1005,'双街镇',3,67),(1006,'大张庄镇',3,67),(1007,'天穆镇',3,67),(1008,'宜兴埠镇',3,67),(1009,'小淀镇',3,67),(1010,'普东街道',3,67),(1011,'果园新村街道',3,67),(1012,'西堤头镇',3,67),(1013,'集贤里街道',3,67),(1014,'青光镇',3,67),(1015,'上马台镇',3,68),(1016,'下伍旗镇',3,68),(1017,'下朱庄街道',3,68),(1018,'东蒲洼街道',3,68),(1019,'东马圈镇',3,68),(1020,'南蔡村镇',3,68),(1021,'城关镇',3,68),(1022,'大孟庄镇',3,68),(1023,'大王古庄镇',3,68),(1024,'大碱厂镇',3,68),(1025,'大良镇',3,68),(1026,'大黄堡乡',3,68),(1027,'崔黄口镇',3,68),(1028,'徐官屯街道',3,68),(1029,'曹子里乡',3,68),(1030,'杨村街道',3,68),(1031,'梅厂镇',3,68),(1032,'汊沽港镇',3,68),(1033,'河北屯镇',3,68),(1034,'河西务镇',3,68),(1035,'泗村店镇',3,68),(1036,'王庆坨镇',3,68),(1037,'白古屯乡',3,68),(1038,'石各庄镇',3,68),(1039,'豆张庄乡',3,68),(1040,'运河西街道',3,68),(1041,'陈咀镇',3,68),(1042,'高村乡',3,68),(1043,'黄庄街道',3,68),(1044,'黄花店镇',3,68),(1045,'八门城镇',3,69),(1046,'口东镇',3,69),(1047,'史各庄镇',3,69),(1048,'周良庄镇',3,69),(1049,'城关镇',3,69),(1050,'大口屯镇',3,69),(1051,'大唐庄镇',3,69),(1052,'大白庄镇',3,69),(1053,'大钟庄镇',3,69),(1054,'尔王庄乡',3,69),(1055,'新安镇',3,69),(1056,'新开口镇',3,69),(1057,'方家庄镇',3,69),(1058,'林亭口镇',3,69),(1059,'牛家牌乡',3,69),(1060,'牛道口镇',3,69),(1061,'王卜庄镇',3,69),(1062,'郝各庄镇',3,69),(1063,'霍各庄镇',3,69),(1064,'马家店镇',3,69),(1065,'高家庄镇',3,69),(1066,'黄庄乡',3,69),(1067,'七里海镇',3,70),(1068,'东棘坨镇',3,70),(1069,'丰台镇',3,70),(1070,'俵口乡',3,70),(1071,'北淮淀乡',3,70),(1072,'大北涧沽镇',3,70),(1073,'宁河镇',3,70),(1074,'岳龙镇',3,70),(1075,'廉庄子乡',3,70),(1076,'板桥镇',3,70),(1077,'潘庄镇',3,70),(1078,'芦台镇',3,70),(1079,'苗庄镇',3,70),(1080,'造甲城镇',3,70),(1081,'中旺镇',3,71),(1082,'双塘镇',3,71),(1083,'台头镇',3,71),(1084,'唐官屯镇',3,71),(1085,'团泊镇',3,71),(1086,'大丰堆镇',3,71),(1087,'大邱庄镇',3,71),(1088,'子牙镇',3,71),(1089,'杨成庄乡',3,71),(1090,'梁头镇',3,71),(1091,'沿庄镇',3,71),(1092,'独流镇',3,71),(1093,'王口镇',3,71),(1094,'良王庄乡',3,71),(1095,'蔡公庄镇',3,71),(1096,'西翟庄镇',3,71),(1097,'陈官屯镇',3,71),(1098,'静海镇',3,71),(1099,'上仓镇',3,72),(1100,'下仓镇',3,72),(1101,'下窝头镇',3,72),(1102,'下营镇',3,72),(1103,'东二营乡',3,72),(1104,'东施古镇',3,72),(1105,'东赵各庄乡',3,72),(1106,'五百户镇',3,72),(1107,'侯家营镇',3,72),(1108,'出头岭镇',3,72),(1109,'别山镇',3,72),(1110,'城关镇',3,72),(1111,'孙各庄满族乡',3,72),(1112,'官庄镇',3,72),(1113,'尤古庄镇',3,72),(1114,'文昌街道',3,72),(1115,'杨津庄镇',3,72),(1116,'桑梓镇',3,72),(1117,'洇溜镇',3,72),(1118,'白涧镇',3,72),(1119,'礼明庄乡',3,72),(1120,'穿芳峪乡',3,72),(1121,'罗庄子镇',3,72),(1122,'西龙虎峪镇',3,72),(1123,'许家台乡',3,72),(1124,'邦均镇',3,72),(1125,'马伸桥镇',3,72),(1126,'井陉县',3,73),(1127,'井陉矿区',3,73),(1128,'元氏县',3,73),(1129,'平山县',3,73),(1130,'新乐市',3,73),(1131,'新华区',3,73),(1132,'无极县',3,73),(1133,'晋州市',3,73),(1134,'栾城县',3,73),(1135,'桥东区',3,73),(1136,'桥西区',3,73),(1137,'正定县',3,73),(1138,'深泽县',3,73),(1139,'灵寿县',3,73),(1140,'藁城市',3,73),(1141,'行唐县',3,73),(1142,'裕华区',3,73),(1143,'赞皇县',3,73),(1144,'赵县',3,73),(1145,'辛集市',3,73),(1146,'长安区',3,73),(1147,'高邑县',3,73),(1148,'鹿泉市',3,73),(1149,'丰南区',3,74),(1150,'丰润区',3,74),(1151,'乐亭县',3,74),(1152,'古冶区',3,74),(1153,'唐海县',3,74),(1154,'开平区',3,74),(1155,'滦南县',3,74),(1156,'滦县',3,74),(1157,'玉田县',3,74),(1158,'路北区',3,74),(1159,'路南区',3,74),(1160,'迁安市',3,74),(1161,'迁西县',3,74),(1162,'遵化市',3,74),(1163,'北戴河区',3,75),(1164,'卢龙县',3,75),(1165,'山海关区',3,75),(1166,'抚宁县',3,75),(1167,'昌黎县',3,75),(1168,'海港区',3,75),(1169,'青龙满族自治县',3,75),(1170,'丛台区',3,76),(1171,'临漳县',3,76),(1172,'复兴区',3,76),(1173,'大名县',3,76),(1174,'峰峰矿区',3,76),(1175,'广平县',3,76),(1176,'成安县',3,76),(1177,'曲周县',3,76),(1178,'武安市',3,76),(1179,'永年县',3,76),(1180,'涉县',3,76),(1181,'磁县',3,76),(1182,'肥乡县',3,76),(1183,'邯山区',3,76),(1184,'邯郸县',3,76),(1185,'邱县',3,76),(1186,'馆陶县',3,76),(1187,'魏县',3,76),(1188,'鸡泽县',3,76),(1189,'临城县',3,77),(1190,'临西县',3,77),(1191,'任县',3,77),(1192,'内丘县',3,77),(1193,'南和县',3,77),(1194,'南宫市',3,77),(1195,'威县',3,77),(1196,'宁晋县',3,77),(1197,'巨鹿县',3,77),(1198,'平乡县',3,77),(1199,'广宗县',3,77),(1200,'新河县',3,77),(1201,'柏乡县',3,77),(1202,'桥东区',3,77),(1203,'桥西区',3,77),(1204,'沙河市',3,77),(1205,'清河县',3,77),(1206,'邢台县',3,77),(1207,'隆尧县',3,77),(1208,'北市区',3,78),(1209,'南市区',3,78),(1210,'博野县',3,78),(1211,'唐县',3,78),(1212,'安国市',3,78),(1213,'安新县',3,78),(1214,'定兴县',3,78),(1215,'定州市',3,78),(1216,'容城县',3,78),(1217,'徐水县',3,78),(1218,'新市区',3,78),(1219,'易县',3,78),(1220,'曲阳县',3,78),(1221,'望都县',3,78),(1222,'涞水县',3,78),(1223,'涞源县',3,78),(1224,'涿州市',3,78),(1225,'清苑县',3,78),(1226,'满城县',3,78),(1227,'蠡县',3,78),(1228,'阜平县',3,78),(1229,'雄县',3,78),(1230,'顺平县',3,78),(1231,'高碑店市',3,78),(1232,'高阳县',3,78),(1233,'万全县',3,79),(1234,'下花园区',3,79),(1235,'宣化区',3,79),(1236,'宣化县',3,79),(1237,'尚义县',3,79),(1238,'崇礼县',3,79),(1239,'康保县',3,79),(1240,'张北县',3,79),(1241,'怀安县',3,79),(1242,'怀来县',3,79),(1243,'桥东区',3,79),(1244,'桥西区',3,79),(1245,'沽源县',3,79),(1246,'涿鹿县',3,79),(1247,'蔚县',3,79),(1248,'赤城县',3,79),(1249,'阳原县',3,79),(1250,'丰宁满族自治县',3,80),(1251,'兴隆县',3,80),(1252,'双桥区',3,80),(1253,'双滦区',3,80),(1254,'围场满族蒙古族自治县',3,80),(1255,'宽城满族自治县',3,80),(1256,'平泉县',3,80),(1257,'承德县',3,80),(1258,'滦平县',3,80),(1259,'隆化县',3,80),(1260,'鹰手营子矿区',3,80),(1261,'冀州市',3,81),(1262,'安平县',3,81),(1263,'故城县',3,81),(1264,'景县',3,81),(1265,'枣强县',3,81),(1266,'桃城区',3,81),(1267,'武强县',3,81),(1268,'武邑县',3,81),(1269,'深州市',3,81),(1270,'阜城县',3,81),(1271,'饶阳县',3,81),(1272,'三河市',3,82),(1273,'固安县',3,82),(1274,'大厂回族自治县',3,82),(1275,'大城县',3,82),(1276,'安次区',3,82),(1277,'广阳区',3,82),(1278,'文安县',3,82),(1279,'永清县',3,82),(1280,'霸州市',3,82),(1281,'香河县',3,82),(1282,'东光县',3,83),(1283,'任丘市',3,83),(1284,'南皮县',3,83),(1285,'吴桥县',3,83),(1286,'孟村回族自治县',3,83),(1287,'新华区',3,83),(1288,'沧县',3,83),(1289,'河间市',3,83),(1290,'泊头市',3,83),(1291,'海兴县',3,83),(1292,'献县',3,83),(1293,'盐山县',3,83),(1294,'肃宁县',3,83),(1295,'运河区',3,83),(1296,'青县',3,83),(1297,'黄骅市',3,83),(1298,'万柏林区',3,84),(1299,'古交市',3,84),(1300,'娄烦县',3,84),(1301,'小店区',3,84),(1302,'尖草坪区',3,84),(1303,'晋源区',3,84),(1304,'杏花岭区',3,84),(1305,'清徐县',3,84),(1306,'迎泽区',3,84),(1307,'阳曲县',3,84),(1308,'南郊区',3,85),(1309,'城区',3,85),(1310,'大同县',3,85),(1311,'天镇县',3,85),(1312,'左云县',3,85),(1313,'广灵县',3,85),(1314,'新荣区',3,85),(1315,'浑源县',3,85),(1316,'灵丘县',3,85),(1317,'矿区',3,85),(1318,'阳高县',3,85),(1319,'城区',3,86),(1320,'平定县',3,86),(1321,'盂县',3,86),(1322,'矿区',3,86),(1323,'郊区',3,86),(1324,'城区',3,87),(1325,'壶关县',3,87),(1326,'屯留县',3,87),(1327,'平顺县',3,87),(1328,'武乡县',3,87),(1329,'沁县',3,87),(1330,'沁源县',3,87),(1331,'潞城市',3,87),(1332,'襄垣县',3,87),(1333,'郊区',3,87),(1334,'长子县',3,87),(1335,'长治县',3,87),(1336,'黎城县',3,87),(1337,'城区',3,88),(1338,'沁水县',3,88),(1339,'泽州县',3,88),(1340,'阳城县',3,88),(1341,'陵川县',3,88),(1342,'高平市',3,88),(1343,'右玉县',3,89),(1344,'山阴县',3,89),(1345,'平鲁区',3,89),(1346,'应县',3,89),(1347,'怀仁县',3,89),(1348,'朔城区',3,89),(1349,'介休市',3,90),(1350,'和顺县',3,90),(1351,'太谷县',3,90),(1352,'寿阳县',3,90),(1353,'左权县',3,90),(1354,'平遥县',3,90),(1355,'昔阳县',3,90),(1356,'榆次区',3,90),(1357,'榆社县',3,90),(1358,'灵石县',3,90),(1359,'祁县',3,90),(1360,'万荣县',3,91),(1361,'临猗县',3,91),(1362,'垣曲县',3,91),(1363,'夏县',3,91),(1364,'平陆县',3,91),(1365,'新绛县',3,91),(1366,'永济市',3,91),(1367,'河津市',3,91),(1368,'盐湖区',3,91),(1369,'稷山县',3,91),(1370,'绛县',3,91),(1371,'芮城县',3,91),(1372,'闻喜县',3,91),(1373,'五台县',3,92),(1374,'五寨县',3,92),(1375,'代县',3,92),(1376,'保德县',3,92),(1377,'偏关县',3,92),(1378,'原平市',3,92),(1379,'宁武县',3,92),(1380,'定襄县',3,92),(1381,'岢岚县',3,92),(1382,'忻府区',3,92),(1383,'河曲县',3,92),(1384,'神池县',3,92),(1385,'繁峙县',3,92),(1386,'静乐县',3,92),(1387,'乡宁县',3,93),(1388,'侯马市',3,93),(1389,'古县',3,93),(1390,'吉县',3,93),(1391,'大宁县',3,93),(1392,'安泽县',3,93),(1393,'尧都区',3,93),(1394,'曲沃县',3,93),(1395,'永和县',3,93),(1396,'汾西县',3,93),(1397,'洪洞县',3,93),(1398,'浮山县',3,93),(1399,'翼城县',3,93),(1400,'蒲县',3,93),(1401,'襄汾县',3,93),(1402,'隰县',3,93),(1403,'霍州市',3,93),(1404,'中阳县',3,94),(1405,'临县',3,94),(1406,'交口县',3,94),(1407,'交城县',3,94),(1408,'兴县',3,94),(1409,'孝义市',3,94),(1410,'岚县',3,94),(1411,'文水县',3,94),(1412,'方山县',3,94),(1413,'柳林县',3,94),(1414,'汾阳市',3,94),(1415,'石楼县',3,94),(1416,'离石区',3,94),(1417,'和林格尔县',3,95),(1418,'回民区',3,95),(1419,'土默特左旗',3,95),(1420,'托克托县',3,95),(1421,'新城区',3,95),(1422,'武川县',3,95),(1423,'清水河县',3,95),(1424,'玉泉区',3,95),(1425,'赛罕区',3,95),(1426,'东河区',3,96),(1427,'九原区',3,96),(1428,'固阳县',3,96),(1429,'土默特右旗',3,96),(1430,'昆都仑区',3,96),(1431,'白云矿区',3,96),(1432,'石拐区',3,96),(1433,'达尔罕茂明安联合旗',3,96),(1434,'青山区',3,96),(1435,'乌达区',3,97),(1436,'海勃湾区',3,97),(1437,'海南区',3,97),(1438,'元宝山区',3,98),(1439,'克什克腾旗',3,98),(1440,'喀喇沁旗',3,98),(1441,'宁城县',3,98),(1442,'巴林右旗',3,98),(1443,'巴林左旗',3,98),(1444,'敖汉旗',3,98),(1445,'松山区',3,98),(1446,'林西县',3,98),(1447,'红山区',3,98),(1448,'翁牛特旗',3,98),(1449,'阿鲁科尔沁旗',3,98),(1450,'奈曼旗',3,99),(1451,'库伦旗',3,99),(1452,'开鲁县',3,99),(1453,'扎鲁特旗',3,99),(1454,'科尔沁区',3,99),(1455,'科尔沁左翼中旗',3,99),(1456,'科尔沁左翼后旗',3,99),(1457,'霍林郭勒市',3,99),(1458,'东胜区',3,100),(1459,'乌审旗',3,100),(1460,'伊金霍洛旗',3,100),(1461,'准格尔旗',3,100),(1462,'杭锦旗',3,100),(1463,'达拉特旗',3,100),(1464,'鄂东胜区',3,100),(1465,'鄂托克前旗',3,100),(1466,'鄂托克旗',3,100),(1467,'扎兰屯市',3,101),(1468,'新巴尔虎右旗',3,101),(1469,'新巴尔虎左旗',3,101),(1470,'根河市',3,101),(1471,'海拉尔区',3,101),(1472,'满洲里市',3,101),(1473,'牙克石市',3,101),(1474,'莫力达瓦达斡尔族自治旗',3,101),(1475,'鄂伦春自治旗',3,101),(1476,'鄂温克族自治旗',3,101),(1477,'阿荣旗',3,101),(1478,'陈巴尔虎旗',3,101),(1479,'额尔古纳市',3,101),(1480,'临河区',3,102),(1481,'乌拉特中旗',3,102),(1482,'乌拉特前旗',3,102),(1483,'乌拉特后旗',3,102),(1484,'五原县',3,102),(1485,'杭锦后旗',3,102),(1486,'磴口县',3,102),(1487,'丰镇市',3,103),(1488,'兴和县',3,103),(1489,'凉城县',3,103),(1490,'化德县',3,103),(1491,'卓资县',3,103),(1492,'商都县',3,103),(1493,'四子王旗',3,103),(1494,'察哈尔右翼中旗',3,103),(1495,'察哈尔右翼前旗',3,103),(1496,'察哈尔右翼后旗',3,103),(1497,'集宁区',3,103),(1498,'乌兰浩特市',3,104),(1499,'扎赉特旗',3,104),(1500,'科尔沁右翼中旗',3,104),(1501,'科尔沁右翼前旗',3,104),(1502,'突泉县',3,104),(1503,'阿尔山市',3,104),(1504,'东乌珠穆沁旗',3,105),(1505,'二连浩特市',3,105),(1506,'多伦县',3,105),(1507,'太仆寺旗',3,105),(1508,'正蓝旗',3,105),(1509,'正镶白旗',3,105),(1510,'苏尼特右旗',3,105),(1511,'苏尼特左旗',3,105),(1512,'西乌珠穆沁旗',3,105),(1513,'锡林浩特市',3,105),(1514,'镶黄旗',3,105),(1515,'阿巴嘎旗',3,105),(1516,'阿拉善右旗',3,106),(1517,'阿拉善左旗',3,106),(1518,'额济纳旗',3,106),(1519,'东陵区',3,107),(1520,'于洪区',3,107),(1521,'和平区',3,107),(1522,'大东区',3,107),(1523,'康平县',3,107),(1524,'新民市',3,107),(1525,'沈北新区',3,107),(1526,'沈河区',3,107),(1527,'法库县',3,107),(1528,'皇姑区',3,107),(1529,'苏家屯区',3,107),(1530,'辽中县',3,107),(1531,'铁西区',3,107),(1532,'中山区',3,108),(1533,'庄河市',3,108),(1534,'旅顺口区',3,108),(1535,'普兰店市',3,108),(1536,'沙河口区',3,108),(1537,'瓦房店市',3,108),(1538,'甘井子区',3,108),(1539,'西岗区',3,108),(1540,'金州区',3,108),(1541,'长海县',3,108),(1542,'千山区',3,109),(1543,'台安县',3,109),(1544,'岫岩满族自治县',3,109),(1545,'海城市',3,109),(1546,'立山区',3,109),(1547,'铁东区',3,109),(1548,'铁西区',3,109),(1549,'东洲区',3,110),(1550,'抚顺县',3,110),(1551,'新宾满族自治县',3,110),(1552,'新抚区',3,110),(1553,'望花区',3,110),(1554,'清原满族自治县',3,110),(1555,'顺城区',3,110),(1556,'南芬区',3,111),(1557,'平山区',3,111),(1558,'明山区',3,111),(1559,'本溪满族自治县',3,111),(1560,'桓仁满族自治县',3,111),(1561,'溪湖区',3,111),(1562,'东港市',3,112),(1563,'元宝区',3,112),(1564,'凤城市',3,112),(1565,'宽甸满族自治县',3,112),(1566,'振兴区',3,112),(1567,'振安区',3,112),(1568,'义县',3,113),(1569,'凌河区',3,113),(1570,'凌海市',3,113),(1571,'北镇市',3,113),(1572,'古塔区',3,113),(1573,'太和区',3,113),(1574,'黑山县',3,113),(1575,'大石桥市',3,114),(1576,'盖州市',3,114),(1577,'站前区',3,114),(1578,'老边区',3,114),(1579,'西市区',3,114),(1580,'鲅鱼圈区',3,114),(1581,'太平区',3,115),(1582,'彰武县',3,115),(1583,'新邱区',3,115),(1584,'海州区',3,115),(1585,'清河门区',3,115),(1586,'细河区',3,115),(1587,'蒙古族自治县',3,115),(1588,'太子河区',3,116),(1589,'宏伟区',3,116),(1590,'弓长岭区',3,116),(1591,'文圣区',3,116),(1592,'灯塔市',3,116),(1593,'白塔区',3,116),(1594,'辽阳县',3,116),(1595,'兴隆台区',3,117),(1596,'双台子区',3,117),(1597,'大洼县',3,117),(1598,'盘山县',3,117),(1599,'开原市',3,118),(1600,'昌图县',3,118),(1601,'清河区',3,118),(1602,'西丰县',3,118),(1603,'调兵山市',3,118),(1604,'铁岭县',3,118),(1605,'银州区',3,118),(1606,'凌源市',3,119),(1607,'北票市',3,119),(1608,'双塔区',3,119),(1609,'喀喇沁左翼蒙古族自治县',3,119),(1610,'建平县',3,119),(1611,'朝阳县',3,119),(1612,'龙城区',3,119),(1613,'兴城市',3,120),(1614,'南票区',3,120),(1615,'建昌县',3,120),(1616,'绥中县',3,120),(1617,'连山区',3,120),(1618,'龙港区',3,120),(1619,'九台市',3,121),(1620,'二道区',3,121),(1621,'农安县',3,121),(1622,'南关区',3,121),(1623,'双阳区',3,121),(1624,'宽城区',3,121),(1625,'德惠市',3,121),(1626,'朝阳区',3,121),(1627,'榆树市',3,121),(1628,'绿园区',3,121),(1629,'丰满区',3,122),(1630,'昌邑区',3,122),(1631,'桦甸市',3,122),(1632,'永吉县',3,122),(1633,'磐石市',3,122),(1634,'舒兰市',3,122),(1635,'船营区',3,122),(1636,'蛟河市',3,122),(1637,'龙潭区',3,122),(1638,'伊通满族自治县',3,123),(1639,'公主岭市',3,123),(1640,'双辽市',3,123),(1641,'梨树县',3,123),(1642,'铁东区',3,123),(1643,'铁西区',3,123),(1644,'东丰县',3,124),(1645,'东辽县',3,124),(1646,'西安区',3,124),(1647,'龙山区',3,124),(1648,'东昌区',3,125),(1649,'二道江区',3,125),(1650,'柳河县',3,125),(1651,'梅河口市',3,125),(1652,'辉南县',3,125),(1653,'通化县',3,125),(1654,'集安市',3,125),(1655,'临江市',3,126),(1656,'八道江区',3,126),(1657,'抚松县',3,126),(1658,'江源区',3,126),(1659,'长白朝鲜族自治县',3,126),(1660,'靖宇县',3,126),(1661,'干安县',3,127),(1662,'前郭尔罗斯蒙古族自治县',3,127),(1663,'宁江区',3,127),(1664,'扶余县',3,127),(1665,'长岭县',3,127),(1666,'大安市',3,128),(1667,'洮北区',3,128),(1668,'洮南市',3,128),(1669,'通榆县',3,128),(1670,'镇赉县',3,128),(1671,'和龙市',3,129),(1672,'图们市',3,129),(1673,'安图县',3,129),(1674,'延吉市',3,129),(1675,'敦化市',3,129),(1676,'汪清县',3,129),(1677,'珲春市',3,129),(1678,'龙井市',3,129),(1679,'五常市',3,130),(1680,'依兰县',3,130),(1681,'南岗区',3,130),(1682,'双城市',3,130),(1683,'呼兰区',3,130),(1684,'哈尔滨市道里区',3,130),(1685,'宾县',3,130),(1686,'尚志市',3,130),(1687,'巴彦县',3,130),(1688,'平房区',3,130),(1689,'延寿县',3,130),(1690,'方正县',3,130),(1691,'木兰县',3,130),(1692,'松北区',3,130),(1693,'通河县',3,130),(1694,'道外区',3,130),(1695,'阿城区',3,130),(1696,'香坊区',3,130),(1697,'依安县',3,131),(1698,'克东县',3,131),(1699,'克山县',3,131),(1700,'富拉尔基区',3,131),(1701,'富裕县',3,131),(1702,'建华区',3,131),(1703,'拜泉县',3,131),(1704,'昂昂溪区',3,131),(1705,'梅里斯达斡尔族区',3,131),(1706,'泰来县',3,131),(1707,'甘南县',3,131),(1708,'碾子山区',3,131),(1709,'讷河市',3,131),(1710,'铁锋区',3,131),(1711,'龙江县',3,131),(1712,'龙沙区',3,131),(1713,'城子河区',3,132),(1714,'密山市',3,132),(1715,'恒山区',3,132),(1716,'梨树区',3,132),(1717,'滴道区',3,132),(1718,'虎林市',3,132),(1719,'鸡东县',3,132),(1720,'鸡冠区',3,132),(1721,'麻山区',3,132),(1722,'东山区',3,133),(1723,'兴安区',3,133),(1724,'兴山区',3,133),(1725,'南山区',3,133),(1726,'向阳区',3,133),(1727,'工农区',3,133),(1728,'绥滨县',3,133),(1729,'萝北县',3,133),(1730,'友谊县',3,134),(1731,'四方台区',3,134),(1732,'宝山区',3,134),(1733,'宝清县',3,134),(1734,'尖山区',3,134),(1735,'岭东区',3,134),(1736,'集贤县',3,134),(1737,'饶河县',3,134),(1738,'大同区',3,135),(1739,'杜尔伯特蒙古族自治县',3,135),(1740,'林甸县',3,135),(1741,'红岗区',3,135),(1742,'肇州县',3,135),(1743,'肇源县',3,135),(1744,'胡路区',3,135),(1745,'萨尔图区',3,135),(1746,'龙凤区',3,135),(1747,'上甘岭区',3,136),(1748,'乌伊岭区',3,136),(1749,'乌马河区',3,136),(1750,'五营区',3,136),(1751,'伊春区',3,136),(1752,'南岔区',3,136),(1753,'友好区',3,136),(1754,'嘉荫县',3,136),(1755,'带岭区',3,136),(1756,'新青区',3,136),(1757,'汤旺河区',3,136),(1758,'红星区',3,136),(1759,'美溪区',3,136),(1760,'翠峦区',3,136),(1761,'西林区',3,136),(1762,'金山屯区',3,136),(1763,'铁力市',3,136),(1764,'东风区',3,137),(1765,'前进区',3,137),(1766,'同江市',3,137),(1767,'向阳区',3,137),(1768,'富锦市',3,137),(1769,'抚远县',3,137),(1770,'桦南县',3,137),(1771,'桦川县',3,137),(1772,'汤原县',3,137),(1773,'郊区',3,137),(1774,'勃利县',3,138),(1775,'新兴区',3,138),(1776,'桃山区',3,138),(1777,'茄子河区',3,138),(1778,'东宁县',3,139),(1779,'东安区',3,139),(1780,'宁安市',3,139),(1781,'林口县',3,139),(1782,'海林市',3,139),(1783,'爱民区',3,139),(1784,'穆棱市',3,139),(1785,'绥芬河市',3,139),(1786,'西安区',3,139),(1787,'阳明区',3,139),(1788,'五大连池市',3,140),(1789,'北安市',3,140),(1790,'嫩江县',3,140),(1791,'孙吴县',3,140),(1792,'爱辉区',3,140),(1793,'车逊克县',3,140),(1794,'逊克县',3,140),(1795,'兰西县',3,141),(1796,'安达市',3,141),(1797,'庆安县',3,141),(1798,'明水县',3,141),(1799,'望奎县',3,141),(1800,'海伦市',3,141),(1801,'绥化市北林区',3,141),(1802,'绥棱县',3,141),(1803,'肇东市',3,141),(1804,'青冈县',3,141),(1805,'呼玛县',3,142),(1806,'塔河县',3,142),(1807,'大兴安岭地区加格达奇区',3,142),(1808,'大兴安岭地区呼中区',3,142),(1809,'大兴安岭地区新林区',3,142),(1810,'大兴安岭地区松岭区',3,142),(1811,'漠河县',3,142),(1812,'半淞园路街道',3,143),(1813,'南京东路街道',3,143),(1814,'外滩街道',3,143),(1815,'小东门街道',3,143),(1816,'老西门街道',3,143),(1817,'豫园街道',3,143),(1818,'五里桥街道',3,144),(1819,'打浦桥街道',3,144),(1820,'淮海中路街道',3,144),(1821,'瑞金二路街道',3,144),(1822,'凌云路街道',3,145),(1823,'华泾镇',3,145),(1824,'天平路街道',3,145),(1825,'康健新村街道',3,145),(1826,'徐家汇街道',3,145),(1827,'斜土路街道',3,145),(1828,'枫林路街道',3,145),(1829,'湖南路街道',3,145),(1830,'漕河泾街道',3,145),(1831,'田林街道',3,145),(1832,'虹梅路街道',3,145),(1833,'长桥街道',3,145),(1834,'龙华街道',3,145),(1835,'仙霞新村街道',3,146),(1836,'北新泾街道',3,146),(1837,'华阳路街道',3,146),(1838,'周家桥街道',3,146),(1839,'天山路街道',3,146),(1840,'新华路街道',3,146),(1841,'新泾镇',3,146),(1842,'江苏路街道',3,146),(1843,'程家桥街道',3,146),(1844,'虹桥街道',3,146),(1845,'南京西路街道',3,147),(1846,'曹家渡街道',3,147),(1847,'江宁路街道',3,147),(1848,'石门二路街道',3,147),(1849,'静安寺街道',3,147),(1850,'宜川路街道',3,148),(1851,'曹杨新村街道',3,148),(1852,'桃浦镇',3,148),(1853,'甘泉路街道',3,148),(1854,'真如镇',3,148),(1855,'石泉路街道',3,148),(1856,'长寿路街道',3,148),(1857,'长征镇',3,148),(1858,'长风新村街道',3,148),(1859,'临汾路街道',3,149),(1860,'共和新路街道',3,149),(1861,'北站街道',3,149),(1862,'大宁路街道',3,149),(1863,'天目西路街道',3,149),(1864,'宝山路街道',3,149),(1865,'彭浦新村街道',3,149),(1866,'彭浦镇',3,149),(1867,'芷江西路街道',3,149),(1868,'乍浦路街道',3,150),(1869,'凉城新村街道',3,150),(1870,'嘉兴路街道',3,150),(1871,'四川北路街道',3,150),(1872,'广中路街道',3,150),(1873,'提篮桥街道',3,150),(1874,'新港路街道',3,150),(1875,'曲阳路街道',3,150),(1876,'欧阳路街道',3,150),(1877,'江湾镇街道',3,150),(1878,'五角场街道',3,151),(1879,'五角场镇',3,151),(1880,'四平路街道',3,151),(1881,'大桥街道',3,151),(1882,'定海路街道',3,151),(1883,'平凉路街道',3,151),(1884,'延吉新村街道',3,151),(1885,'控江路街道',3,151),(1886,'新江湾城街道',3,151),(1887,'殷行街道',3,151),(1888,'江浦路街道',3,151),(1889,'长白新村街道',3,151),(1890,'七宝镇',3,152),(1891,'华漕镇',3,152),(1892,'古美街道',3,152),(1893,'吴泾镇',3,152),(1894,'梅陇镇',3,152),(1895,'江川路街道',3,152),(1896,'浦江镇',3,152),(1897,'莘庄镇',3,152),(1898,'虹桥镇',3,152),(1899,'颛桥镇',3,152),(1900,'马桥镇',3,152),(1901,'龙柏街道',3,152),(1902,'友谊路街道',3,153),(1903,'吴淞街道',3,153),(1904,'大场镇',3,153),(1905,'庙行镇',3,153),(1906,'张庙街道',3,153),(1907,'月浦镇',3,153),(1908,'杨行镇',3,153),(1909,'淞南镇',3,153),(1910,'罗店镇',3,153),(1911,'罗泾镇',3,153),(1912,'顾村镇',3,153),(1913,'高境镇',3,153),(1914,'华亭镇',3,154),(1915,'南翔镇',3,154),(1916,'嘉定工业区',3,154),(1917,'嘉定镇街道',3,154),(1918,'外冈镇',3,154),(1919,'安亭镇',3,154),(1920,'徐行镇',3,154),(1921,'新成路街道',3,154),(1922,'江桥镇',3,154),(1923,'真新新村街道',3,154),(1924,'菊园新区',3,154),(1925,'马陆镇',3,154),(1926,'黄渡镇',3,154),(1927,'三林镇',3,155),(1928,'上钢新村街道',3,155),(1929,'东明路街道',3,155),(1930,'北蔡镇',3,155),(1931,'南码头路街道',3,155),(1932,'合庆镇',3,155),(1933,'周家渡街道',3,155),(1934,'唐镇',3,155),(1935,'塘桥街道',3,155),(1936,'川沙新镇',3,155),(1937,'张江镇',3,155),(1938,'曹路镇',3,155),(1939,'沪东新村街道',3,155),(1940,'洋泾街道',3,155),(1941,'浦兴路街道',3,155),(1942,'潍坊新村街道',3,155),(1943,'花木街道',3,155),(1944,'金杨新村街道',3,155),(1945,'金桥镇',3,155),(1946,'陆家嘴街道',3,155),(1947,'高东镇',3,155),(1948,'高桥镇',3,155),(1949,'高行镇',3,155),(1950,'亭林镇',3,156),(1951,'吕巷镇',3,156),(1952,'山阳镇',3,156),(1953,'廊下镇',3,156),(1954,'张堰镇',3,156),(1955,'朱泾镇',3,156),(1956,'枫泾镇',3,156),(1957,'漕泾镇',3,156),(1958,'石化街道',3,156),(1959,'金山卫镇',3,156),(1960,'上海松江科技园区',3,157),(1961,'中山街道',3,157),(1962,'九亭镇',3,157),(1963,'五厍农业园区',3,157),(1964,'佘山度假区',3,157),(1965,'佘山镇',3,157),(1966,'叶榭镇',3,157),(1967,'岳阳街道',3,157),(1968,'新桥镇',3,157),(1969,'新浜镇',3,157),(1970,'方松街道',3,157),(1971,'松江工业区',3,157),(1972,'永丰街道',3,157),(1973,'泖港镇',3,157),(1974,'泗泾镇',3,157),(1975,'洞泾镇',3,157),(1976,'石湖荡镇',3,157),(1977,'车墩镇',3,157),(1978,'华新镇',3,158),(1979,'夏阳街道',3,158),(1980,'徐泾镇',3,158),(1981,'朱家角镇',3,158),(1982,'白鹤镇',3,158),(1983,'盈浦街道',3,158),(1984,'练塘镇',3,158),(1985,'赵巷镇',3,158),(1986,'重固镇',3,158),(1987,'金泽镇',3,158),(1988,'香花桥街道',3,158),(1989,'万祥镇',3,159),(1990,'书院镇',3,159),(1991,'六灶镇',3,159),(1992,'周浦镇',3,159),(1993,'大团镇',3,159),(1994,'宣桥镇',3,159),(1995,'康桥镇',3,159),(1996,'惠南镇',3,159),(1997,'新场镇',3,159),(1998,'泥城镇',3,159),(1999,'祝桥镇',3,159),(2000,'老港镇',3,159),(2001,'航头镇',3,159),(2002,'芦潮港镇',3,159),(2003,'南桥镇',3,160),(2004,'四团镇',3,160),(2005,'奉城镇',3,160),(2006,'庄行镇',3,160),(2007,'柘林镇',3,160),(2008,'海湾镇',3,160),(2009,'金汇镇',3,160),(2010,'青村镇',3,160),(2011,'三星镇',3,161),(2012,'中兴镇',3,161),(2013,'向化镇',3,161),(2014,'城桥镇',3,161),(2015,'堡镇',3,161),(2016,'庙镇',3,161),(2017,'建设镇',3,161),(2018,'新村乡',3,161),(2019,'新河镇',3,161),(2020,'横沙乡',3,161),(2021,'港沿镇',3,161),(2022,'港西镇',3,161),(2023,'竖新镇',3,161),(2024,'绿华镇',3,161),(2025,'长兴乡',3,161),(2026,'陈家镇',3,161),(2027,'下关区',3,162),(2028,'六合区',3,162),(2029,'建邺区',3,162),(2030,'栖霞区',3,162),(2031,'江宁区',3,162),(2032,'浦口区',3,162),(2033,'溧水县',3,162),(2034,'玄武区',3,162),(2035,'白下区',3,162),(2036,'秦淮区',3,162),(2037,'雨花台区',3,162),(2038,'高淳县',3,162),(2039,'鼓楼区',3,162),(2040,'北塘区',3,163),(2041,'南长区',3,163),(2042,'宜兴市',3,163),(2043,'崇安区',3,163),(2044,'惠山区',3,163),(2045,'江阴市',3,163),(2046,'滨湖区',3,163),(2047,'锡山区',3,163),(2048,'丰县',3,164),(2049,'九里区',3,164),(2050,'云龙区',3,164),(2051,'新沂市',3,164),(2052,'沛县',3,164),(2053,'泉山区',3,164),(2054,'睢宁县',3,164),(2055,'贾汪区',3,164),(2056,'邳州市',3,164),(2057,'铜山县',3,164),(2058,'鼓楼区',3,164),(2059,'天宁区',3,165),(2060,'戚墅堰区',3,165),(2061,'新北区',3,165),(2062,'武进区',3,165),(2063,'溧阳市',3,165),(2064,'金坛市',3,165),(2065,'钟楼区',3,165),(2066,'吴中区',3,166),(2067,'吴江市',3,166),(2068,'太仓市',3,166),(2069,'常熟市',3,166),(2070,'平江区',3,166),(2071,'张家港市',3,166),(2072,'昆山市',3,166),(2073,'沧浪区',3,166),(2074,'相城区',3,166),(2075,'苏州工业园区',3,166),(2076,'虎丘区',3,166),(2077,'金阊区',3,166),(2078,'启东市',3,167),(2079,'如东县',3,167),(2080,'如皋市',3,167),(2081,'崇川区',3,167),(2082,'海安县',3,167),(2083,'海门市',3,167),(2084,'港闸区',3,167),(2085,'通州市',3,167),(2086,'东海县',3,168),(2087,'新浦区',3,168),(2088,'海州区',3,168),(2089,'灌云县',3,168),(2090,'灌南县',3,168),(2091,'赣榆县',3,168),(2092,'连云区',3,168),(2093,'楚州区',3,169),(2094,'洪泽县',3,169),(2095,'涟水县',3,169),(2096,'淮阴区',3,169),(2097,'清河区',3,169),(2098,'清浦区',3,169),(2099,'盱眙县',3,169),(2100,'金湖县',3,169),(2101,'东台市',3,170),(2102,'亭湖区',3,170),(2103,'响水县',3,170),(2104,'大丰市',3,170),(2105,'射阳县',3,170),(2106,'建湖县',3,170),(2107,'滨海县',3,170),(2108,'盐都区',3,170),(2109,'阜宁县',3,170),(2110,'仪征市',3,171),(2111,'宝应县',3,171),(2112,'广陵区',3,171),(2113,'江都市',3,171),(2114,'维扬区',3,171),(2115,'邗江区',3,171),(2116,'高邮市',3,171),(2117,'丹徒区',3,172),(2118,'丹阳市',3,172),(2119,'京口区',3,172),(2120,'句容市',3,172),(2121,'扬中市',3,172),(2122,'润州区',3,172),(2123,'兴化市',3,173),(2124,'姜堰市',3,173),(2125,'泰兴市',3,173),(2126,'海陵区',3,173),(2127,'靖江市',3,173),(2128,'高港区',3,173),(2129,'宿城区',3,174),(2130,'宿豫区',3,174),(2131,'沭阳县',3,174),(2132,'泗洪县',3,174),(2133,'泗阳县',3,174),(2134,'上城区',3,175),(2135,'下城区',3,175),(2136,'临安市',3,175),(2137,'余杭区',3,175),(2138,'富阳市',3,175),(2139,'建德市',3,175),(2140,'拱墅区',3,175),(2141,'桐庐县',3,175),(2142,'江干区',3,175),(2143,'淳安县',3,175),(2144,'滨江区',3,175),(2145,'萧山区',3,175),(2146,'西湖区',3,175),(2147,'余姚市',3,176),(2148,'北仑区',3,176),(2149,'奉化市',3,176),(2150,'宁海县',3,176),(2151,'慈溪市',3,176),(2152,'江东区',3,176),(2153,'江北区',3,176),(2154,'海曙区',3,176),(2155,'象山县',3,176),(2156,'鄞州区',3,176),(2157,'镇海区',3,176),(2158,'乐清市',3,177),(2159,'平阳县',3,177),(2160,'文成县',3,177),(2161,'永嘉县',3,177),(2162,'泰顺县',3,177),(2163,'洞头县',3,177),(2164,'瑞安市',3,177),(2165,'瓯海区',3,177),(2166,'苍南县',3,177),(2167,'鹿城区',3,177),(2168,'龙湾区',3,177),(2169,'南湖区',3,178),(2170,'嘉善县',3,178),(2171,'平湖市',3,178),(2172,'桐乡市',3,178),(2173,'海宁市',3,178),(2174,'海盐县',3,178),(2175,'秀洲区',3,178),(2176,'南浔区',3,179),(2177,'吴兴区',3,179),(2178,'安吉县',3,179),(2179,'德清县',3,179),(2180,'长兴县',3,179),(2181,'上虞市',3,180),(2182,'嵊州市',3,180),(2183,'新昌县',3,180),(2184,'绍兴县',3,180),(2185,'诸暨市',3,180),(2186,'越城区',3,180),(2187,'定海区',3,181),(2188,'岱山县',3,181),(2189,'嵊泗县',3,181),(2190,'普陀区',3,181),(2191,'常山县',3,182),(2192,'开化县',3,182),(2193,'柯城区',3,182),(2194,'江山市',3,182),(2195,'衢江区',3,182),(2196,'龙游县',3,182),(2197,'东阳市',3,183),(2198,'义乌市',3,183),(2199,'兰溪市',3,183),(2200,'婺城区',3,183),(2201,'武义县',3,183),(2202,'永康市',3,183),(2203,'浦江县',3,183),(2204,'磐安县',3,183),(2205,'金东区',3,183),(2206,'三门县',3,184),(2207,'临海市',3,184),(2208,'仙居县',3,184),(2209,'天台县',3,184),(2210,'椒江区',3,184),(2211,'温岭市',3,184),(2212,'玉环县',3,184),(2213,'路桥区',3,184),(2214,'黄岩区',3,184),(2215,'云和县',3,185),(2216,'庆元县',3,185),(2217,'景宁畲族自治县',3,185),(2218,'松阳县',3,185),(2219,'缙云县',3,185),(2220,'莲都区',3,185),(2221,'遂昌县',3,185),(2222,'青田县',3,185),(2223,'龙泉市',3,185),(2224,'包河区',3,186),(2225,'庐阳区',3,186),(2226,'瑶海区',3,186),(2227,'肥东县',3,186),(2228,'肥西县',3,186),(2229,'蜀山区',3,186),(2230,'长丰县',3,186),(2231,'三山区',3,187),(2232,'南陵县',3,187),(2233,'弋江区',3,187),(2234,'繁昌县',3,187),(2235,'芜湖县',3,187),(2236,'镜湖区',3,187),(2237,'鸠江区',3,187),(2238,'五河县',3,188),(2239,'固镇县',3,188),(2240,'怀远县',3,188),(2241,'淮上区',3,188),(2242,'禹会区',3,188),(2243,'蚌山区',3,188),(2244,'龙子湖区',3,188),(2245,'八公山区',3,189),(2246,'凤台县',3,189),(2247,'大通区',3,189),(2248,'潘集区',3,189),(2249,'田家庵区',3,189),(2250,'谢家集区',3,189),(2251,'当涂县',3,190),(2252,'花山区',3,190),(2253,'金家庄区',3,190),(2254,'雨山区',3,190),(2255,'杜集区',3,191),(2256,'濉溪县',3,191),(2257,'烈山区',3,191),(2258,'相山区',3,191),(2259,'狮子山区',3,192),(2260,'郊区',3,192),(2261,'铜官山区',3,192),(2262,'铜陵县',3,192),(2263,'大观区',3,193),(2264,'太湖县',3,193),(2265,'宜秀区',3,193),(2266,'宿松县',3,193),(2267,'岳西县',3,193),(2268,'怀宁县',3,193),(2269,'望江县',3,193),(2270,'枞阳县',3,193),(2271,'桐城市',3,193),(2272,'潜山县',3,193),(2273,'迎江区',3,193),(2274,'休宁县',3,194),(2275,'屯溪区',3,194),(2276,'徽州区',3,194),(2277,'歙县',3,194),(2278,'祁门县',3,194),(2279,'黄山区',3,194),(2280,'黟县',3,194),(2281,'全椒县',3,195),(2282,'凤阳县',3,195),(2283,'南谯区',3,195),(2284,'天长市',3,195),(2285,'定远县',3,195),(2286,'明光市',3,195),(2287,'来安县',3,195),(2288,'琅玡区',3,195),(2289,'临泉县',3,196),(2290,'太和县',3,196),(2291,'界首市',3,196),(2292,'阜南县',3,196),(2293,'颍东区',3,196),(2294,'颍州区',3,196),(2295,'颍泉区',3,196),(2296,'颖上县',3,196),(2297,'埇桥区',3,197),(2298,'泗县辖',3,197),(2299,'灵璧县',3,197),(2300,'砀山县',3,197),(2301,'萧县',3,197),(2302,'含山县',3,198),(2303,'和县',3,198),(2304,'居巢区',3,198),(2305,'庐江县',3,198),(2306,'无为县',3,198),(2307,'寿县',3,199),(2308,'舒城县',3,199),(2309,'裕安区',3,199),(2310,'金安区',3,199),(2311,'金寨县',3,199),(2312,'霍山县',3,199),(2313,'霍邱县',3,199),(2314,'利辛县',3,200),(2315,'涡阳县',3,200),(2316,'蒙城县',3,200),(2317,'谯城区',3,200),(2318,'东至县',3,201),(2319,'石台县',3,201),(2320,'贵池区',3,201),(2321,'青阳县',3,201),(2322,'宁国市',3,202),(2323,'宣州区',3,202),(2324,'广德县',3,202),(2325,'旌德县',3,202),(2326,'泾县',3,202),(2327,'绩溪县',3,202),(2328,'郎溪县',3,202),(2329,'仓山区',3,203),(2330,'台江区',3,203),(2331,'平潭县',3,203),(2332,'晋安区',3,203),(2333,'永泰县',3,203),(2334,'福清市',3,203),(2335,'罗源县',3,203),(2336,'连江县',3,203),(2337,'长乐市',3,203),(2338,'闽侯县',3,203),(2339,'闽清县',3,203),(2340,'马尾区',3,203),(2341,'鼓楼区',3,203),(2342,'同安区',3,204),(2343,'思明区',3,204),(2344,'海沧区',3,204),(2345,'湖里区',3,204),(2346,'翔安区',3,204),(2347,'集美区',3,204),(2348,'仙游县',3,205),(2349,'城厢区',3,205),(2350,'涵江区',3,205),(2351,'秀屿区',3,205),(2352,'荔城区',3,205),(2353,'三元区',3,206),(2354,'大田县',3,206),(2355,'宁化县',3,206),(2356,'将乐县',3,206),(2357,'尤溪县',3,206),(2358,'建宁县',3,206),(2359,'明溪县',3,206),(2360,'梅列区',3,206),(2361,'永安市',3,206),(2362,'沙县',3,206),(2363,'泰宁县',3,206),(2364,'清流县',3,206),(2365,'丰泽区',3,207),(2366,'南安市',3,207),(2367,'安溪县',3,207),(2368,'德化县',3,207),(2369,'惠安县',3,207),(2370,'晋江市',3,207),(2371,'永春县',3,207),(2372,'泉港区',3,207),(2373,'洛江区',3,207),(2374,'石狮市',3,207),(2375,'金门县',3,207),(2376,'鲤城区',3,207),(2377,'东山县',3,208),(2378,'云霄县',3,208),(2379,'华安县',3,208),(2380,'南靖县',3,208),(2381,'平和县',3,208),(2382,'漳浦县',3,208),(2383,'芗城区',3,208),(2384,'诏安县',3,208),(2385,'长泰县',3,208),(2386,'龙文区',3,208),(2387,'龙海市',3,208),(2388,'光泽县',3,209),(2389,'延平区',3,209),(2390,'建瓯市',3,209),(2391,'建阳市',3,209),(2392,'政和县',3,209),(2393,'松溪县',3,209),(2394,'武夷山市',3,209),(2395,'浦城县',3,209),(2396,'邵武市',3,209),(2397,'顺昌县',3,209),(2398,'上杭县',3,210),(2399,'新罗区',3,210),(2400,'武平县',3,210),(2401,'永定县',3,210),(2402,'漳平市',3,210),(2403,'连城县',3,210),(2404,'长汀县',3,210),(2405,'古田县',3,211),(2406,'周宁县',3,211),(2407,'寿宁县',3,211),(2408,'屏南县',3,211),(2409,'柘荣县',3,211),(2410,'福安市',3,211),(2411,'福鼎市',3,211),(2412,'蕉城区',3,211),(2413,'霞浦县',3,211),(2414,'东湖区',3,212),(2415,'南昌县',3,212),(2416,'安义县',3,212),(2417,'新建县',3,212),(2418,'湾里区',3,212),(2419,'西湖区',3,212),(2420,'进贤县',3,212),(2421,'青云谱区',3,212),(2422,'青山湖区',3,212),(2423,'乐平市',3,213),(2424,'昌江区',3,213),(2425,'浮梁县',3,213),(2426,'珠山区',3,213),(2427,'上栗县',3,214),(2428,'安源区',3,214),(2429,'湘东区',3,214),(2430,'芦溪县',3,214),(2431,'莲花县',3,214),(2432,'九江县',3,215),(2433,'修水县',3,215),(2434,'庐山区',3,215),(2435,'彭泽县',3,215),(2436,'德安县',3,215),(2437,'星子县',3,215),(2438,'武宁县',3,215),(2439,'永修县',3,215),(2440,'浔阳区',3,215),(2441,'湖口县',3,215),(2442,'瑞昌市',3,215),(2443,'都昌县',3,215),(2444,'分宜县',3,216),(2445,'渝水区',3,216),(2446,'余江县',3,217),(2447,'月湖区',3,217),(2448,'贵溪市',3,217),(2449,'上犹县',3,218),(2450,'于都县',3,218),(2451,'会昌县',3,218),(2452,'信丰县',3,218),(2453,'全南县',3,218),(2454,'兴国县',3,218),(2455,'南康市',3,218),(2456,'大余县',3,218),(2457,'宁都县',3,218),(2458,'安远县',3,218),(2459,'定南县',3,218),(2460,'寻乌县',3,218),(2461,'崇义县',3,218),(2462,'瑞金市',3,218),(2463,'石城县',3,218),(2464,'章贡区',3,218),(2465,'赣县',3,218),(2466,'龙南县',3,218),(2467,'万安县',3,219),(2468,'井冈山市',3,219),(2469,'吉安县',3,219),(2470,'吉州区',3,219),(2471,'吉水县',3,219),(2472,'安福县',3,219),(2473,'峡江县',3,219),(2474,'新干县',3,219),(2475,'永丰县',3,219),(2476,'永新县',3,219),(2477,'泰和县',3,219),(2478,'遂川县',3,219),(2479,'青原区',3,219),(2480,'万载县',3,220),(2481,'上高县',3,220),(2482,'丰城市',3,220),(2483,'奉新县',3,220),(2484,'宜丰县',3,220),(2485,'樟树市',3,220),(2486,'袁州区',3,220),(2487,'铜鼓县',3,220),(2488,'靖安县',3,220),(2489,'高安市',3,220),(2490,'东乡县',3,221),(2491,'临川区',3,221),(2492,'乐安县',3,221),(2493,'南丰县',3,221),(2494,'南城县',3,221),(2495,'宜黄县',3,221),(2496,'崇仁县',3,221),(2497,'广昌县',3,221),(2498,'资溪县',3,221),(2499,'金溪县',3,221),(2500,'黎川县',3,221),(2501,'万年县',3,222),(2502,'上饶县',3,222),(2503,'余干县',3,222),(2504,'信州区',3,222),(2505,'婺源县',3,222),(2506,'广丰县',3,222),(2507,'弋阳县',3,222),(2508,'德兴市',3,222),(2509,'横峰县',3,222),(2510,'玉山县',3,222),(2511,'鄱阳县',3,222),(2512,'铅山县',3,222),(2513,'历下区',3,223),(2514,'历城区',3,223),(2515,'商河县',3,223),(2516,'天桥区',3,223),(2517,'市中区',3,223),(2518,'平阴县',3,223),(2519,'槐荫区',3,223),(2520,'济阳县',3,223),(2521,'章丘市',3,223),(2522,'长清区',3,223),(2523,'即墨市',3,224),(2524,'四方区',3,224),(2525,'城阳区',3,224),(2526,'崂山区',3,224),(2527,'市北区',3,224),(2528,'市南区',3,224),(2529,'平度市',3,224),(2530,'李沧区',3,224),(2531,'胶南市',3,224),(2532,'胶州市',3,224),(2533,'莱西市',3,224),(2534,'黄岛区',3,224),(2535,'临淄区',3,225),(2536,'博山区',3,225),(2537,'周村区',3,225),(2538,'张店区',3,225),(2539,'桓台县',3,225),(2540,'沂源县',3,225),(2541,'淄川区',3,225),(2542,'高青县',3,225),(2543,'台儿庄区',3,226),(2544,'山亭区',3,226),(2545,'峄城区',3,226),(2546,'市中区',3,226),(2547,'滕州市',3,226),(2548,'薛城区',3,226),(2549,'东营区',3,227),(2550,'利津县',3,227),(2551,'垦利县',3,227),(2552,'广饶县',3,227),(2553,'河口区',3,227),(2554,'招远市',3,228),(2555,'栖霞市',3,228),(2556,'海阳市',3,228),(2557,'牟平区',3,228),(2558,'福山区',3,228),(2559,'芝罘区',3,228),(2560,'莱山区',3,228),(2561,'莱州市',3,228),(2562,'莱阳市',3,228),(2563,'蓬莱市',3,228),(2564,'长岛县',3,228),(2565,'龙口市',3,228),(2566,'临朐县',3,229),(2567,'坊子区',3,229),(2568,'奎文区',3,229),(2569,'安丘市',3,229),(2570,'寒亭区',3,229),(2571,'寿光市',3,229),(2572,'昌乐县',3,229),(2573,'昌邑市',3,229),(2574,'潍城区',3,229),(2575,'诸城市',3,229),(2576,'青州市',3,229),(2577,'高密市',3,229),(2578,'任城区',3,230),(2579,'兖州市',3,230),(2580,'嘉祥县',3,230),(2581,'市中区',3,230),(2582,'微山县',3,230),(2583,'曲阜市',3,230),(2584,'梁山县',3,230),(2585,'汶上县',3,230),(2586,'泗水县',3,230),(2587,'邹城市',3,230),(2588,'金乡县',3,230),(2589,'鱼台县',3,230),(2590,'东平县',3,231),(2591,'宁阳县',3,231),(2592,'岱岳区',3,231),(2593,'新泰市',3,231),(2594,'泰山区',3,231),(2595,'肥城市',3,231),(2596,'乳山市',3,232),(2597,'文登市',3,232),(2598,'环翠区',3,232),(2599,'荣成市',3,232),(2600,'东港区',3,233),(2601,'五莲县',3,233),(2602,'岚山区',3,233),(2603,'莒县',3,233),(2604,'莱城区',3,234),(2605,'钢城区',3,234),(2606,'临沭县',3,235),(2607,'兰山区',3,235),(2608,'平邑县',3,235),(2609,'沂南县',3,235),(2610,'沂水县',3,235),(2611,'河东区',3,235),(2612,'罗庄区',3,235),(2613,'苍山县',3,235),(2614,'莒南县',3,235),(2615,'蒙阴县',3,235),(2616,'费县',3,235),(2617,'郯城县',3,235),(2618,'临邑县',3,236),(2619,'乐陵市',3,236),(2620,'夏津县',3,236),(2621,'宁津县',3,236),(2622,'平原县',3,236),(2623,'庆云县',3,236),(2624,'德城区',3,236),(2625,'武城县',3,236),(2626,'禹城市',3,236),(2627,'陵县',3,236),(2628,'齐河县',3,236),(2629,'东昌府区',3,237),(2630,'东阿县',3,237),(2631,'临清市',3,237),(2632,'冠县',3,237),(2633,'茌平县',3,237),(2634,'莘县',3,237),(2635,'阳谷县',3,237),(2636,'高唐县',3,237),(2637,'博兴县',3,238),(2638,'惠民县',3,238),(2639,'无棣县',3,238),(2640,'沾化县',3,238),(2641,'滨城区',3,238),(2642,'邹平县',3,238),(2643,'阳信县',3,238),(2644,'东明县',3,239),(2645,'单县',3,239),(2646,'定陶县',3,239),(2647,'巨野县',3,239),(2648,'成武县',3,239),(2649,'曹县',3,239),(2650,'牡丹区',3,239),(2651,'郓城县',3,239),(2652,'鄄城县',3,239),(2653,'上街区',3,240),(2654,'中原区',3,240),(2655,'中牟县',3,240),(2656,'二七区',3,240),(2657,'巩义市',3,240),(2658,'惠济区',3,240),(2659,'新密市',3,240),(2660,'新郑市',3,240),(2661,'登封市',3,240),(2662,'管城回族区',3,240),(2663,'荥阳市',3,240),(2664,'金水区',3,240),(2665,'兰考县',3,241),(2666,'尉氏县',3,241),(2667,'开封县',3,241),(2668,'杞县',3,241),(2669,'禹王台区',3,241),(2670,'通许县',3,241),(2671,'金明区',3,241),(2672,'顺河回族区',3,241),(2673,'鼓楼区',3,241),(2674,'龙亭区',3,241),(2675,'伊川县',3,242),(2676,'偃师市',3,242),(2677,'吉利区',3,242),(2678,'孟津县',3,242),(2679,'宜阳县',3,242),(2680,'嵩县',3,242),(2681,'新安县',3,242),(2682,'栾川县',3,242),(2683,'汝阳县',3,242),(2684,'洛宁县',3,242),(2685,'洛龙区',3,242),(2686,'涧西区',3,242),(2687,'瀍河回族区',3,242),(2688,'老城区',3,242),(2689,'西工区',3,242),(2690,'卫东区',3,243),(2691,'叶县',3,243),(2692,'宝丰县',3,243),(2693,'新华区',3,243),(2694,'汝州市',3,243),(2695,'湛河区',3,243),(2696,'石龙区',3,243),(2697,'舞钢市',3,243),(2698,'郏县',3,243),(2699,'鲁山县',3,243),(2700,'内黄县',3,244),(2701,'北关区',3,244),(2702,'安阳县',3,244),(2703,'文峰区',3,244),(2704,'林州市',3,244),(2705,'殷都区',3,244),(2706,'汤阴县',3,244),(2707,'滑县',3,244),(2708,'龙安区',3,244),(2709,'山城区',3,245),(2710,'浚县',3,245),(2711,'淇县',3,245),(2712,'淇滨区',3,245),(2713,'鹤山区',3,245),(2714,'凤泉区',3,246),(2715,'卫滨区',3,246),(2716,'卫辉市',3,246),(2717,'原阳县',3,246),(2718,'封丘县',3,246),(2719,'延津县',3,246),(2720,'新乡县',3,246),(2721,'牧野区',3,246),(2722,'红旗区',3,246),(2723,'获嘉县',3,246),(2724,'辉县市',3,246),(2725,'长垣县',3,246),(2726,'中站区',3,247),(2727,'修武县',3,247),(2728,'博爱县',3,247),(2729,'孟州市',3,247),(2730,'山阳区',3,247),(2731,'武陟县',3,247),(2732,'沁阳市',3,247),(2733,'温县',3,247),(2734,'解放区',3,247),(2735,'马村区',3,247),(2736,'华龙区',3,248),(2737,'南乐县',3,248),(2738,'台前县',3,248),(2739,'清丰县',3,248),(2740,'濮阳县',3,248),(2741,'范县',3,248),(2742,'禹州市',3,249),(2743,'襄城县',3,249),(2744,'许昌县',3,249),(2745,'鄢陵县',3,249),(2746,'长葛市',3,249),(2747,'魏都区',3,249),(2748,'临颍县',3,250),(2749,'召陵区',3,250),(2750,'源汇区',3,250),(2751,'舞阳县',3,250),(2752,'郾城区',3,250),(2753,'义马市',3,251),(2754,'卢氏县',3,251),(2755,'渑池县',3,251),(2756,'湖滨区',3,251),(2757,'灵宝市',3,251),(2758,'陕县',3,251),(2759,'内乡县',3,252),(2760,'南召县',3,252),(2761,'卧龙区',3,252),(2762,'唐河县',3,252),(2763,'宛城区',3,252),(2764,'新野县',3,252),(2765,'方城县',3,252),(2766,'桐柏县',3,252),(2767,'淅川县',3,252),(2768,'社旗县',3,252),(2769,'西峡县',3,252),(2770,'邓州市',3,252),(2771,'镇平县',3,252),(2772,'夏邑县',3,253),(2773,'宁陵县',3,253),(2774,'柘城县',3,253),(2775,'民权县',3,253),(2776,'永城市',3,253),(2777,'睢县',3,253),(2778,'睢阳区',3,253),(2779,'粱园区',3,253),(2780,'虞城县',3,253),(2781,'光山县',3,254),(2782,'商城县',3,254),(2783,'固始县',3,254),(2784,'平桥区',3,254),(2785,'息县',3,254),(2786,'新县',3,254),(2787,'浉河区',3,254),(2788,'淮滨县',3,254),(2789,'潢川县',3,254),(2790,'罗山县',3,254),(2791,'商水县',3,255),(2792,'太康县',3,255),(2793,'川汇区',3,255),(2794,'扶沟县',3,255),(2795,'沈丘县',3,255),(2796,'淮阳县',3,255),(2797,'西华县',3,255),(2798,'郸城县',3,255),(2799,'项城市',3,255),(2800,'鹿邑县',3,255),(2801,'上蔡县',3,256),(2802,'平舆县',3,256),(2803,'新蔡县',3,256),(2804,'正阳县',3,256),(2805,'汝南县',3,256),(2806,'泌阳县',3,256),(2807,'确山县',3,256),(2808,'西平县',3,256),(2809,'遂平县',3,256),(2810,'驿城区',3,256),(2811,'济源市',3,257),(2812,'东西湖区',3,258),(2813,'新洲区',3,258),(2814,'武昌区',3,258),(2815,'汉南区',3,258),(2816,'汉阳区',3,258),(2817,'江夏区',3,258),(2818,'江岸区',3,258),(2819,'江汉区',3,258),(2820,'洪山区',3,258),(2821,'硚口区',3,258),(2822,'蔡甸区',3,258),(2823,'青山区',3,258),(2824,'黄陂区',3,258),(2825,'下陆区',3,259),(2826,'大冶市',3,259),(2827,'西塞山区',3,259),(2828,'铁山区',3,259),(2829,'阳新县',3,259),(2830,'黄石港区',3,259),(2831,'丹江口市',3,260),(2832,'张湾区',3,260),(2833,'房县',3,260),(2834,'竹山县',3,260),(2835,'竹溪县',3,260),(2836,'茅箭区',3,260),(2837,'郧县',3,260),(2838,'郧西县',3,260),(2839,'五峰土家族自治县',3,261),(2840,'伍家岗区',3,261),(2841,'兴山县',3,261),(2842,'夷陵区',3,261),(2843,'宜都市',3,261),(2844,'当阳市',3,261),(2845,'枝江市',3,261),(2846,'点军区',3,261),(2847,'秭归县',3,261),(2848,'虢亭区',3,261),(2849,'西陵区',3,261),(2850,'远安县',3,261),(2851,'长阳土家族自治县',3,261),(2852,'保康县',3,262),(2853,'南漳县',3,262),(2854,'宜城市',3,262),(2855,'枣阳市',3,262),(2856,'樊城区',3,262),(2857,'老河口市',3,262),(2858,'襄城区',3,262),(2859,'襄阳区',3,262),(2860,'谷城县',3,262),(2861,'华容区',3,263),(2862,'粱子湖',3,263),(2863,'鄂城区',3,263),(2864,'东宝区',3,264),(2865,'京山县',3,264),(2866,'掇刀区',3,264),(2867,'沙洋县',3,264),(2868,'钟祥市',3,264),(2869,'云梦县',3,265),(2870,'大悟县',3,265),(2871,'孝南区',3,265),(2872,'孝昌县',3,265),(2873,'安陆市',3,265),(2874,'应城市',3,265),(2875,'汉川市',3,265),(2876,'公安县',3,266),(2877,'松滋市',3,266),(2878,'江陵县',3,266),(2879,'沙市区',3,266),(2880,'洪湖市',3,266),(2881,'监利县',3,266),(2882,'石首市',3,266),(2883,'荆州区',3,266),(2884,'团风县',3,267),(2885,'武穴市',3,267),(2886,'浠水县',3,267),(2887,'红安县',3,267),(2888,'罗田县',3,267),(2889,'英山县',3,267),(2890,'蕲春县',3,267),(2891,'麻城市',3,267),(2892,'黄州区',3,267),(2893,'黄梅县',3,267),(2894,'咸安区',3,268),(2895,'嘉鱼县',3,268),(2896,'崇阳县',3,268),(2897,'赤壁市',3,268),(2898,'通城县',3,268),(2899,'通山县',3,268),(2900,'广水市',3,269),(2901,'曾都区',3,269),(2902,'利川市',3,270),(2903,'咸丰县',3,270),(2904,'宣恩县',3,270),(2905,'巴东县',3,270),(2906,'建始县',3,270),(2907,'恩施市',3,270),(2908,'来凤县',3,270),(2909,'鹤峰县',3,270),(2910,'仙桃市',3,271),(2911,'潜江市',3,272),(2912,'天门市',3,273),(2913,'神农架林区',3,274),(2914,'天心区',3,275),(2915,'宁乡县',3,275),(2916,'岳麓区',3,275),(2917,'开福区',3,275),(2918,'望城县',3,275),(2919,'浏阳市',3,275),(2920,'芙蓉区',3,275),(2921,'长沙县',3,275),(2922,'雨花区',3,275),(2923,'天元区',3,276),(2924,'攸县',3,276),(2925,'株洲县',3,276),(2926,'炎陵县',3,276),(2927,'石峰区',3,276),(2928,'芦淞区',3,276),(2929,'茶陵县',3,276),(2930,'荷塘区',3,276),(2931,'醴陵市',3,276),(2932,'岳塘区',3,277),(2933,'湘乡市',3,277),(2934,'湘潭县',3,277),(2935,'雨湖区',3,277),(2936,'韶山市',3,277),(2937,'南岳区',3,278),(2938,'常宁市',3,278),(2939,'珠晖区',3,278),(2940,'石鼓区',3,278),(2941,'祁东县',3,278),(2942,'耒阳市',3,278),(2943,'蒸湘区',3,278),(2944,'衡东县',3,278),(2945,'衡南县',3,278),(2946,'衡山县',3,278),(2947,'衡阳县',3,278),(2948,'雁峰区',3,278),(2949,'北塔区',3,279),(2950,'双清区',3,279),(2951,'城步苗族自治县',3,279),(2952,'大祥区',3,279),(2953,'新宁县',3,279),(2954,'新邵县',3,279),(2955,'武冈市',3,279),(2956,'洞口县',3,279),(2957,'绥宁县',3,279),(2958,'邵东县',3,279),(2959,'邵阳县',3,279),(2960,'隆回县',3,279),(2961,'临湘市',3,280),(2962,'云溪区',3,280),(2963,'华容县',3,280),(2964,'君山区',3,280),(2965,'岳阳县',3,280),(2966,'岳阳楼区',3,280),(2967,'平江县',3,280),(2968,'汨罗市',3,280),(2969,'湘阴县',3,280),(2970,'临澧县',3,281),(2971,'安乡县',3,281),(2972,'桃源县',3,281),(2973,'武陵区',3,281),(2974,'汉寿县',3,281),(2975,'津市市',3,281),(2976,'澧县',3,281),(2977,'石门县',3,281),(2978,'鼎城区',3,281),(2979,'慈利县',3,282),(2980,'桑植县',3,282),(2981,'武陵源区',3,282),(2982,'永定区',3,282),(2983,'南县',3,283),(2984,'安化县',3,283),(2985,'桃江县',3,283),(2986,'沅江市',3,283),(2987,'资阳区',3,283),(2988,'赫山区',3,283),(2989,'临武县',3,284),(2990,'北湖区',3,284),(2991,'嘉禾县',3,284),(2992,'安仁县',3,284),(2993,'宜章县',3,284),(2994,'桂东县',3,284),(2995,'桂阳县',3,284),(2996,'永兴县',3,284),(2997,'汝城县',3,284),(2998,'苏仙区',3,284),(2999,'资兴市',3,284),(3000,'东安县',3,285),(3001,'冷水滩区',3,285),(3002,'双牌县',3,285),(3003,'宁远县',3,285),(3004,'新田县',3,285),(3005,'江华瑶族自治县',3,285),(3006,'江永县',3,285),(3007,'祁阳县',3,285),(3008,'蓝山县',3,285),(3009,'道县',3,285),(3010,'零陵区',3,285),(3011,'中方县',3,286),(3012,'会同县',3,286),(3013,'新晃侗族自治县',3,286),(3014,'沅陵县',3,286),(3015,'洪江市/洪江区',3,286),(3016,'溆浦县',3,286),(3017,'芷江侗族自治县',3,286),(3018,'辰溪县',3,286),(3019,'通道侗族自治县',3,286),(3020,'靖州苗族侗族自治县',3,286),(3021,'鹤城区',3,286),(3022,'麻阳苗族自治县',3,286),(3023,'冷水江市',3,287),(3024,'双峰县',3,287),(3025,'娄星区',3,287),(3026,'新化县',3,287),(3027,'涟源市',3,287),(3028,'保靖县',3,288),(3029,'凤凰县',3,288),(3030,'古丈县',3,288),(3031,'吉首市',3,288),(3032,'永顺县',3,288),(3033,'泸溪县',3,288),(3034,'花垣县',3,288),(3035,'龙山县',3,288),(3036,'萝岗区',3,289),(3037,'南沙区',3,289),(3038,'从化市',3,289),(3039,'增城市',3,289),(3040,'天河区',3,289),(3041,'海珠区',3,289),(3042,'番禺区',3,289),(3043,'白云区',3,289),(3044,'花都区',3,289),(3045,'荔湾区',3,289),(3046,'越秀区',3,289),(3047,'黄埔区',3,289),(3048,'乐昌市',3,290),(3049,'乳源瑶族自治县',3,290),(3050,'仁化县',3,290),(3051,'南雄市',3,290),(3052,'始兴县',3,290),(3053,'新丰县',3,290),(3054,'曲江区',3,290),(3055,'武江区',3,290),(3056,'浈江区',3,290),(3057,'翁源县',3,290),(3058,'南山区',3,291),(3059,'宝安区',3,291),(3060,'盐田区',3,291),(3061,'福田区',3,291),(3062,'罗湖区',3,291),(3063,'龙岗区',3,291),(3064,'斗门区',3,292),(3065,'金湾区',3,292),(3066,'香洲区',3,292),(3067,'南澳县',3,293),(3068,'潮南区',3,293),(3069,'潮阳区',3,293),(3070,'澄海区',3,293),(3071,'濠江区',3,293),(3072,'金平区',3,293),(3073,'龙湖区',3,293),(3074,'三水区',3,294),(3075,'南海区',3,294),(3076,'禅城区',3,294),(3077,'顺德区',3,294),(3078,'高明区',3,294),(3079,'台山市',3,295),(3080,'开平市',3,295),(3081,'恩平市',3,295),(3082,'新会区',3,295),(3083,'江海区',3,295),(3084,'蓬江区',3,295),(3085,'鹤山市',3,295),(3086,'吴川市',3,296),(3087,'坡头区',3,296),(3088,'廉江市',3,296),(3089,'徐闻县',3,296),(3090,'赤坎区',3,296),(3091,'遂溪县',3,296),(3092,'雷州市',3,296),(3093,'霞山区',3,296),(3094,'麻章区',3,296),(3095,'信宜市',3,297),(3096,'化州市',3,297),(3097,'电白县',3,297),(3098,'茂南区',3,297),(3099,'茂港区',3,297),(3100,'高州市',3,297),(3101,'四会市',3,298),(3102,'封开县',3,298),(3103,'广宁县',3,298),(3104,'德庆县',3,298),(3105,'怀集县',3,298),(3106,'端州区',3,298),(3107,'高要市',3,298),(3108,'鼎湖区',3,298),(3109,'博罗县',3,299),(3110,'惠东县',3,299),(3111,'惠城区',3,299),(3112,'惠阳区',3,299),(3113,'龙门县',3,299),(3114,'丰顺县',3,300),(3115,'五华县',3,300),(3116,'兴宁市',3,300),(3117,'大埔县',3,300),(3118,'平远县',3,300),(3119,'梅县',3,300),(3120,'梅江区',3,300),(3121,'蕉岭县',3,300),(3122,'城区',3,301),(3123,'海丰县',3,301),(3124,'陆丰市',3,301),(3125,'陆河县',3,301),(3126,'东源县',3,302),(3127,'和平县',3,302),(3128,'源城区',3,302),(3129,'紫金县',3,302),(3130,'连平县',3,302),(3131,'龙川县',3,302),(3132,'江城区',3,303),(3133,'阳东县',3,303),(3134,'阳春市',3,303),(3135,'阳西县',3,303),(3136,'佛冈县',3,304),(3137,'清城区',3,304),(3138,'清新县',3,304),(3139,'英德市',3,304),(3140,'连南瑶族自治县',3,304),(3141,'连山壮族瑶族自治县',3,304),(3142,'连州市',3,304),(3143,'阳山县',3,304),(3144,'东莞市',3,305),(3145,'中山市',3,306),(3146,'湘桥区',3,307),(3147,'潮安县',3,307),(3148,'饶平县',3,307),(3149,'惠来县',3,308),(3150,'揭东县',3,308),(3151,'揭西县',3,308),(3152,'普宁市',3,308),(3153,'榕城区',3,308),(3154,'云城区',3,309),(3155,'云安县',3,309),(3156,'新兴县',3,309),(3157,'罗定市',3,309),(3158,'郁南县',3,309),(3159,'上林县',3,310),(3160,'兴宁区',3,310),(3161,'宾阳县',3,310),(3162,'横县',3,310),(3163,'武鸣县',3,310),(3164,'江南区',3,310),(3165,'良庆区',3,310),(3166,'西乡塘区',3,310),(3167,'邕宁区',3,310),(3168,'隆安县',3,310),(3169,'青秀区',3,310),(3170,'马山县',3,310),(3171,'三江侗族自治县',3,311),(3172,'城中区',3,311),(3173,'柳北区',3,311),(3174,'柳南区',3,311),(3175,'柳城县',3,311),(3176,'柳江县',3,311),(3177,'融安县',3,311),(3178,'融水苗族自治县',3,311),(3179,'鱼峰区',3,311),(3180,'鹿寨县',3,311),(3181,'七星区',3,312),(3182,'临桂县',3,312),(3183,'全州县',3,312),(3184,'兴安县',3,312),(3185,'叠彩区',3,312),(3186,'平乐县',3,312),(3187,'恭城瑶族自治县',3,312),(3188,'永福县',3,312),(3189,'灌阳县',3,312),(3190,'灵川县',3,312),(3191,'秀峰区',3,312),(3192,'荔浦县',3,312),(3193,'象山区',3,312),(3194,'资源县',3,312),(3195,'阳朔县',3,312),(3196,'雁山区',3,312),(3197,'龙胜各族自治县',3,312),(3198,'万秀区',3,313),(3199,'岑溪市',3,313),(3200,'苍梧县',3,313),(3201,'蒙山县',3,313),(3202,'藤县',3,313),(3203,'蝶山区',3,313),(3204,'长洲区',3,313),(3205,'合浦县',3,314),(3206,'海城区',3,314),(3207,'铁山港区',3,314),(3208,'银海区',3,314),(3209,'上思县',3,315),(3210,'东兴市',3,315),(3211,'港口区',3,315),(3212,'防城区',3,315),(3213,'浦北县',3,316),(3214,'灵山县',3,316),(3215,'钦北区',3,316),(3216,'钦南区',3,316),(3217,'平南县',3,317),(3218,'桂平市',3,317),(3219,'港北区',3,317),(3220,'港南区',3,317),(3221,'覃塘区',3,317),(3222,'兴业县',3,318),(3223,'北流市',3,318),(3224,'博白县',3,318),(3225,'容县',3,318),(3226,'玉州区',3,318),(3227,'陆川县',3,318),(3228,'乐业县',3,319),(3229,'凌云县',3,319),(3230,'右江区',3,319),(3231,'平果县',3,319),(3232,'德保县',3,319),(3233,'田东县',3,319),(3234,'田林县',3,319),(3235,'田阳县',3,319),(3236,'西林县',3,319),(3237,'那坡县',3,319),(3238,'隆林各族自治县',3,319),(3239,'靖西县',3,319),(3240,'八步区',3,320),(3241,'富川瑶族自治县',3,320),(3242,'昭平县',3,320),(3243,'钟山县',3,320),(3244,'东兰县',3,321),(3245,'凤山县',3,321),(3246,'南丹县',3,321),(3247,'大化瑶族自治县',3,321),(3248,'天峨县',3,321),(3249,'宜州市',3,321),(3250,'巴马瑶族自治县',3,321),(3251,'环江毛南族自治县',3,321),(3252,'罗城仫佬族自治县',3,321),(3253,'都安瑶族自治县',3,321),(3254,'金城江区',3,321),(3255,'兴宾区',3,322),(3256,'合山市',3,322),(3257,'忻城县',3,322),(3258,'武宣县',3,322),(3259,'象州县',3,322),(3260,'金秀瑶族自治县',3,322),(3261,'凭祥市',3,323),(3262,'大新县',3,323),(3263,'天等县',3,323),(3264,'宁明县',3,323),(3265,'扶绥县',3,323),(3266,'江州区',3,323),(3267,'龙州县',3,323),(3268,'琼山区',3,324),(3269,'秀英区',3,324),(3270,'美兰区',3,324),(3271,'龙华区',3,324),(3272,'三亚市',3,325),(3273,'五指山市',3,326),(3274,'琼海市',3,327),(3275,'儋州市',3,328),(3276,'文昌市',3,329),(3277,'万宁市',3,330),(3278,'东方市',3,331),(3279,'定安县',3,332),(3280,'屯昌县',3,333),(3281,'澄迈县',3,334),(3282,'临高县',3,335),(3283,'白沙黎族自治县',3,336),(3284,'昌江黎族自治县',3,337),(3285,'乐东黎族自治县',3,338),(3286,'陵水黎族自治县',3,339),(3287,'保亭黎族苗族自治县',3,340),(3288,'琼中黎族苗族自治县',3,341),(3289,'九池乡',3,345),(3290,'五桥街道',3,345),(3291,'余家镇',3,345),(3292,'分水镇',3,345),(3293,'双河口街道',3,345),(3294,'后山镇',3,345),(3295,'周家坝街道',3,345),(3296,'响水镇',3,345),(3297,'地宝乡',3,345),(3298,'大周镇',3,345),(3299,'天城镇',3,345),(3300,'太安镇',3,345),(3301,'太白街道',3,345),(3302,'太龙镇',3,345),(3303,'孙家镇',3,345),(3304,'小周镇',3,345),(3305,'弹子镇',3,345),(3306,'恒合土家族乡',3,345),(3307,'新乡镇',3,345),(3308,'新田镇',3,345),(3309,'普子乡',3,345),(3310,'李河镇',3,345),(3311,'柱山乡',3,345),(3312,'梨树乡',3,345),(3313,'武陵镇',3,345),(3314,'沙河街道',3,345),(3315,'溪口乡',3,345),(3316,'瀼渡镇',3,345),(3317,'熊家镇',3,345),(3318,'燕山乡',3,345),(3319,'牌楼街道',3,345),(3320,'甘宁镇',3,345),(3321,'白土镇',3,345),(3322,'白羊镇',3,345),(3323,'百安坝街道',3,345),(3324,'罗田镇',3,345),(3325,'茨竹乡',3,345),(3326,'走马镇',3,345),(3327,'郭村乡',3,345),(3328,'钟鼓楼街道',3,345),(3329,'铁峰乡',3,345),(3330,'长坪乡',3,345),(3331,'长岭镇',3,345),(3332,'长滩镇',3,345),(3333,'陈家坝街道',3,345),(3334,'高峰镇',3,345),(3335,'高梁镇',3,345),(3336,'高笋塘街道',3,345),(3337,'黄柏乡',3,345),(3338,'龙沙镇',3,345),(3339,'龙都街道',3,345),(3340,'龙驹镇',3,345),(3341,'丛林乡',3,346),(3342,'两汇乡',3,346),(3343,'中峰乡',3,346),(3344,'义和镇',3,346),(3345,'仁义乡',3,346),(3346,'南沱镇',3,346),(3347,'卷洞乡',3,346),(3348,'同乐乡',3,346),(3349,'土地坡乡',3,346),(3350,'堡子镇',3,346),(3351,'增福乡',3,346),(3352,'大木乡',3,346),(3353,'天台乡',3,346),(3354,'太和乡',3,346),(3355,'山窝乡',3,346),(3356,'崇义街道',3,346),(3357,'惠民乡',3,346),(3358,'敦仁街道',3,346),(3359,'新妙镇',3,346),(3360,'新村乡',3,346),(3361,'明家乡',3,346),(3362,'李渡镇',3,346),(3363,'梓里乡',3,346),(3364,'武陵山乡',3,346),(3365,'江东街道',3,346),(3366,'江北街道',3,346),(3367,'清溪镇',3,346),(3368,'焦石镇',3,346),(3369,'珍溪镇',3,346),(3370,'白涛镇',3,346),(3371,'百胜镇',3,346),(3372,'石和乡',3,346),(3373,'石沱镇',3,346),(3374,'石龙乡',3,346),(3375,'罗云乡',3,346),(3376,'聚宝乡',3,346),(3377,'致韩镇',3,346),(3378,'荔枝街道',3,346),(3379,'蔺市镇',3,346),(3380,'酒店乡',3,346),(3381,'镇安镇',3,346),(3382,'青羊镇',3,346),(3383,'马武镇',3,346),(3384,'龙桥镇',3,346),(3385,'龙潭镇',3,346),(3386,'七星岗街道',3,347),(3387,'上清寺街道',3,347),(3388,'两路口街道',3,347),(3389,'化龙桥街道',3,347),(3390,'南纪门街道',3,347),(3391,'大坪街道',3,347),(3392,'大溪沟街道',3,347),(3393,'望龙门街道',3,347),(3394,'朝天门街道',3,347),(3395,'石油路街道',3,347),(3396,'菜园坝街道',3,347),(3397,'解放碑街道',3,347),(3398,'九宫庙街道',3,348),(3399,'八桥镇',3,348),(3400,'建胜镇',3,348),(3401,'新山村街道',3,348),(3402,'春晖路街道',3,348),(3403,'茄子溪街道',3,348),(3404,'跃进村街道',3,348),(3405,'跳磴镇',3,348),(3406,'五宝镇',3,349),(3407,'五里店街道',3,349),(3408,'华新街街道',3,349),(3409,'复盛镇',3,349),(3410,'大石坝街道',3,349),(3411,'寸滩街道',3,349),(3412,'江北城街道',3,349),(3413,'石马河街道',3,349),(3414,'观音桥街道',3,349),(3415,'郭家沱街道',3,349),(3416,'铁山坪街道',3,349),(3417,'鱼嘴镇',3,349),(3418,'中梁镇',3,350),(3419,'井口街道',3,350),(3420,'井口镇',3,350),(3421,'凤凰镇',3,350),(3422,'回龙坝镇',3,350),(3423,'土主镇',3,350),(3424,'土湾街道',3,350),(3425,'天星桥街道',3,350),(3426,'小龙坎街道',3,350),(3427,'山洞街道',3,350),(3428,'新桥街道',3,350),(3429,'曾家镇',3,350),(3430,'歌乐山街道',3,350),(3431,'歌乐山镇',3,350),(3432,'沙坪坝街道',3,350),(3433,'渝碚路街道',3,350),(3434,'石井坡街道',3,350),(3435,'磁器口街道',3,350),(3436,'童家桥街道',3,350),(3437,'虎溪镇',3,350),(3438,'西永镇',3,350),(3439,'覃家岗镇',3,350),(3440,'詹家溪街道',3,350),(3441,'陈家桥镇',3,350),(3442,'青木关镇',3,350),(3443,'中梁山街道',3,351),(3444,'九龙镇',3,351),(3445,'华岩镇',3,351),(3446,'含谷镇',3,351),(3447,'巴福镇',3,351),(3448,'杨家坪街道',3,351),(3449,'渝州路街道',3,351),(3450,'白市驿镇',3,351),(3451,'石坪桥街道',3,351),(3452,'石板镇',3,351),(3453,'石桥铺街道',3,351),(3454,'西彭镇',3,351),(3455,'谢家湾街道',3,351),(3456,'走马镇',3,351),(3457,'金凤镇',3,351),(3458,'铜罐驿镇',3,351),(3459,'陶家镇',3,351),(3460,'黄桷坪街道',3,351),(3461,'南坪街道',3,352),(3462,'南坪镇',3,352),(3463,'南山街道',3,352),(3464,'峡口镇',3,352),(3465,'广阳镇',3,352),(3466,'弹子石街道',3,352),(3467,'海棠溪街道',3,352),(3468,'涂山镇',3,352),(3469,'花园路街道',3,352),(3470,'迎龙镇',3,352),(3471,'铜元局街道',3,352),(3472,'长生桥镇',3,352),(3473,'鸡冠石镇',3,352),(3474,'龙门浩街道',3,352),(3475,'三圣镇',3,353),(3476,'东阳街道',3,353),(3477,'北温泉街道',3,353),(3478,'复兴镇',3,353),(3479,'天府镇',3,353),(3480,'天生街道',3,353),(3481,'施家梁镇',3,353),(3482,'朝阳街道',3,353),(3483,'柳荫镇',3,353),(3484,'歇马镇',3,353),(3485,'水土镇',3,353),(3486,'澄江镇',3,353),(3487,'童家溪镇',3,353),(3488,'蔡家岗镇',3,353),(3489,'金刀峡镇',3,353),(3490,'静观镇',3,353),(3491,'龙凤桥街道',3,353),(3492,'双路镇',3,354),(3493,'通桥镇',3,354),(3494,'龙滩子街道',3,354),(3495,'万东镇',3,355),(3496,'万盛街道',3,355),(3497,'丛林镇',3,355),(3498,'东林街道',3,355),(3499,'关坝镇',3,355),(3500,'南桐镇',3,355),(3501,'石林镇',3,355),(3502,'金桥镇',3,355),(3503,'青年镇',3,355),(3504,'黑山镇',3,355),(3505,'人和街道',3,356),(3506,'兴隆镇',3,356),(3507,'华蓥山镇',3,356),(3508,'双凤桥街道',3,356),(3509,'双龙湖街道',3,356),(3510,'古路镇',3,356),(3511,'回兴街道',3,356),(3512,'大塆镇',3,356),(3513,'大盛镇',3,356),(3514,'大竹林街道',3,356),(3515,'天宫殿街道',3,356),(3516,'张关镇',3,356),(3517,'御临镇',3,356),(3518,'悦来镇',3,356),(3519,'明月镇',3,356),(3520,'木耳镇',3,356),(3521,'洛碛镇',3,356),(3522,'玉峰山镇',3,356),(3523,'王家镇',3,356),(3524,'石坪镇',3,356),(3525,'石船镇',3,356),(3526,'礼嘉镇',3,356),(3527,'统景镇',3,356),(3528,'翠云街道',3,356),(3529,'茨竹',3,356),(3530,'高嘴镇',3,356),(3531,'鸳鸯街道',3,356),(3532,'麻柳沱镇',3,356),(3533,'龙兴镇',3,356),(3534,'龙塔街道',3,356),(3535,'龙山街道',3,356),(3536,'龙溪街道',3,356),(3537,'一品镇',3,357),(3538,'东泉镇',3,357),(3539,'丰盛镇',3,357),(3540,'二圣镇',3,357),(3541,'南彭镇',3,357),(3542,'南泉镇',3,357),(3543,'双河口镇',3,357),(3544,'天星寺镇',3,357),(3545,'姜家镇',3,357),(3546,'安澜镇',3,357),(3547,'惠民镇',3,357),(3548,'接龙镇',3,357),(3549,'木洞镇',3,357),(3550,'李家沱街道',3,357),(3551,'界石镇',3,357),(3552,'石滩镇',3,357),(3553,'石龙镇',3,357),(3554,'花溪镇',3,357),(3555,'跳石镇',3,357),(3556,'鱼洞街道',3,357),(3557,'麻柳嘴镇',3,357),(3558,'两河镇',3,358),(3559,'中塘乡',3,358),(3560,'五里乡',3,358),(3561,'冯家镇',3,358),(3562,'城东街道',3,358),(3563,'城南街道',3,358),(3564,'城西街道',3,358),(3565,'太极乡',3,358),(3566,'小南海镇',3,358),(3567,'新华乡',3,358),(3568,'杉岭乡',3,358),(3569,'正阳镇',3,358),(3570,'水市乡',3,358),(3571,'水田乡',3,358),(3572,'沙坝乡',3,358),(3573,'濯水镇',3,358),(3574,'白土乡',3,358),(3575,'白石乡',3,358),(3576,'石会镇',3,358),(3577,'石家镇',3,358),(3578,'舟白镇',3,358),(3579,'蓬东乡',3,358),(3580,'邻鄂镇',3,358),(3581,'金洞乡',3,358),(3582,'金溪镇',3,358),(3583,'马喇镇',3,358),(3584,'鹅池镇',3,358),(3585,'黄溪镇',3,358),(3586,'黎水镇',3,358),(3587,'黑溪镇',3,358),(3588,'万顺镇',3,359),(3589,'云台镇',3,359),(3590,'云集镇',3,359),(3591,'但渡镇',3,359),(3592,'八颗镇',3,359),(3593,'凤城街道',3,359),(3594,'双龙镇',3,359),(3595,'新市镇',3,359),(3596,'晏家街道',3,359),(3597,'江南镇',3,359),(3598,'洪湖镇',3,359),(3599,'海棠镇',3,359),(3600,'渡舟镇',3,359),(3601,'石堰镇',3,359),(3602,'葛兰镇',3,359),(3603,'邻封镇',3,359),(3604,'长寿湖镇',3,359),(3605,'龙河镇',3,359),(3606,'丁山镇',3,360),(3607,'三江镇',3,360),(3608,'三角镇',3,360),(3609,'东溪镇',3,360),(3610,'中峰镇',3,360),(3611,'古南镇',3,360),(3612,'安稳镇',3,360),(3613,'打通镇',3,360),(3614,'扶欢镇',3,360),(3615,'新盛镇',3,360),(3616,'横山镇',3,360),(3617,'永城镇',3,360),(3618,'永新镇',3,360),(3619,'石壕镇',3,360),(3620,'石角镇',3,360),(3621,'篆塘镇',3,360),(3622,'赶水镇',3,360),(3623,'郭扶镇',3,360),(3624,'隆盛镇',3,360),(3625,'上和镇',3,361),(3626,'五桂镇',3,361),(3627,'别口乡',3,361),(3628,'卧佛镇',3,361),(3629,'双江镇',3,361),(3630,'古溪镇',3,361),(3631,'塘坝镇',3,361),(3632,'太安镇',3,361),(3633,'宝龙镇',3,361),(3634,'寿桥乡',3,361),(3635,'小渡镇',3,361),(3636,'崇龛镇',3,361),(3637,'新胜镇',3,361),(3638,'柏梓镇',3,361),(3639,'桂林街道',3,361),(3640,'梓潼街道',3,361),(3641,'玉溪镇',3,361),(3642,'田家乡',3,361),(3643,'米心镇',3,361),(3644,'群力镇',3,361),(3645,'花岩镇',3,361),(3646,'龙形镇',3,361),(3647,'东城街道',3,362),(3648,'二坪镇',3,362),(3649,'侣俸镇',3,362),(3650,'华兴镇',3,362),(3651,'南城街道',3,362),(3652,'双山乡',3,362),(3653,'围龙镇',3,362),(3654,'土桥镇',3,362),(3655,'大庙镇',3,362),(3656,'太平镇',3,362),(3657,'安居镇',3,362),(3658,'安溪镇',3,362),(3659,'小林乡',3,362),(3660,'少云镇',3,362),(3661,'巴川街道',3,362),(3662,'平滩镇',3,362),(3663,'庆隆乡',3,362),(3664,'旧县镇',3,362),(3665,'水口镇',3,362),(3666,'永嘉镇',3,362),(3667,'白羊镇',3,362),(3668,'石鱼镇',3,362),(3669,'福果镇',3,362),(3670,'维新镇',3,362),(3671,'蒲吕镇',3,362),(3672,'虎峰镇',3,362),(3673,'西河镇',3,362),(3674,'高楼镇',3,362),(3675,'万古镇',3,363),(3676,'三驱镇',3,363),(3677,'中敖镇',3,363),(3678,'古龙乡',3,363),(3679,'回龙镇',3,363),(3680,'国梁镇',3,363),(3681,'季家镇',3,363),(3682,'宝兴镇',3,363),(3683,'宝顶镇',3,363),(3684,'拾万镇',3,363),(3685,'智凤镇',3,363),(3686,'棠香街道',3,363),(3687,'玉龙镇',3,363),(3688,'珠溪镇',3,363),(3689,'石马镇',3,363),(3690,'邮亭镇',3,363),(3691,'金山镇',3,363),(3692,'铁山镇',3,363),(3693,'雍溪镇',3,363),(3694,'高升场镇',3,363),(3695,'高坪乡',3,363),(3696,'龙岗街道',3,363),(3697,'龙水镇',3,363),(3698,'龙石镇',3,363),(3699,'仁义镇',3,364),(3700,'双河镇',3,364),(3701,'古昌镇',3,364),(3702,'吴家镇',3,364),(3703,'安富镇',3,364),(3704,'峰高镇',3,364),(3705,'广顺镇',3,364),(3706,'昌元镇',3,364),(3707,'河包镇',3,364),(3708,'清升镇',3,364),(3709,'清江镇',3,364),(3710,'清流镇',3,364),(3711,'盘龙镇',3,364),(3712,'直升镇',3,364),(3713,'荣隆镇',3,364),(3714,'观胜镇',3,364),(3715,'路孔镇',3,364),(3716,'远觉镇',3,364),(3717,'铜鼓镇',3,364),(3718,'龙集镇',3,364),(3719,'丁家镇',3,365),(3720,'七塘镇',3,365),(3721,'三合镇',3,365),(3722,'健龙乡',3,365),(3723,'八塘镇',3,365),(3724,'大兴镇',3,365),(3725,'大路镇',3,365),(3726,'广普镇',3,365),(3727,'正兴镇',3,365),(3728,'河边镇',3,365),(3729,'璧城街道',3,365),(3730,'福禄镇',3,365),(3731,'青杠街道',3,365),(3732,'七星镇',3,366),(3733,'云龙镇',3,366),(3734,'仁贤镇',3,366),(3735,'合兴镇',3,366),(3736,'和林镇',3,366),(3737,'回龙镇',3,366),(3738,'城东乡',3,366),(3739,'城北乡',3,366),(3740,'复平乡',3,366),(3741,'大观镇',3,366),(3742,'安胜乡',3,366),(3743,'屏锦镇',3,366),(3744,'文化镇',3,366),(3745,'新盛镇',3,366),(3746,'明达镇',3,366),(3747,'曲水乡',3,366),(3748,'柏家镇',3,366),(3749,'梁山镇',3,366),(3750,'石安镇',3,366),(3751,'碧山镇',3,366),(3752,'礼让镇',3,366),(3753,'福禄镇',3,366),(3754,'竹山镇',3,366),(3755,'紫照乡',3,366),(3756,'聚奎镇',3,366),(3757,'荫平镇',3,366),(3758,'虎城镇',3,366),(3759,'蟠龙镇',3,366),(3760,'袁驿镇',3,366),(3761,'金带镇',3,366),(3762,'铁门乡',3,366),(3763,'龙胜乡',3,366),(3764,'龙门镇',3,366),(3765,'东安乡',3,367),(3766,'修齐镇',3,367),(3767,'北屏乡',3,367),(3768,'厚坪乡',3,367),(3769,'双河乡',3,367),(3770,'周溪乡',3,367),(3771,'咸宜乡',3,367),(3772,'坪坝镇',3,367),(3773,'岚天乡',3,367),(3774,'左岚乡',3,367),(3775,'巴山镇',3,367),(3776,'庙坝镇',3,367),(3777,'明中乡',3,367),(3778,'明通镇',3,367),(3779,'河鱼乡',3,367),(3780,'治平乡',3,367),(3781,'沿河乡',3,367),(3782,'葛城镇',3,367),(3783,'蓼子乡',3,367),(3784,'高楠乡',3,367),(3785,'高燕乡',3,367),(3786,'高观镇',3,367),(3787,'鸡鸣乡',3,367),(3788,'龙田乡',3,367),(3789,'三元镇',3,368),(3790,'三合镇',3,368),(3791,'三坝乡',3,368),(3792,'三建乡',3,368),(3793,'仁沙乡',3,368),(3794,'保合乡',3,368),(3795,'兴义镇',3,368),(3796,'包鸾镇',3,368),(3797,'十直镇',3,368),(3798,'南天湖镇',3,368),(3799,'双路镇',3,368),(3800,'双龙场乡',3,368),(3801,'名山镇',3,368),(3802,'太平坝乡',3,368),(3803,'崇兴乡',3,368),(3804,'暨龙乡',3,368),(3805,'树人镇',3,368),(3806,'栗子乡',3,368),(3807,'武平镇',3,368),(3808,'江池镇',3,368),(3809,'湛普镇',3,368),(3810,'社坛镇',3,368),(3811,'董家镇',3,368),(3812,'虎威镇',3,368),(3813,'许明寺镇',3,368),(3814,'都督乡',3,368),(3815,'镇江镇',3,368),(3816,'青龙乡',3,368),(3817,'高家镇',3,368),(3818,'龙孔乡',3,368),(3819,'龙河镇',3,368),(3820,'三溪乡',3,369),(3821,'五洞镇',3,369),(3822,'包家乡',3,369),(3823,'周嘉镇',3,369),(3824,'坪山镇',3,369),(3825,'大石乡',3,369),(3826,'太平镇',3,369),(3827,'新民镇',3,369),(3828,'普顺镇',3,369),(3829,'曹回乡',3,369),(3830,'杠家乡',3,369),(3831,'桂溪镇',3,369),(3832,'永安镇',3,369),(3833,'永平乡',3,369),(3834,'沙坪镇',3,369),(3835,'沙河乡',3,369),(3836,'澄溪镇',3,369),(3837,'白家乡',3,369),(3838,'砚台镇',3,369),(3839,'裴兴乡',3,369),(3840,'长龙乡',3,369),(3841,'高安镇',3,369),(3842,'高峰镇',3,369),(3843,'鹤游镇',3,369),(3844,'黄沙乡',3,369),(3845,'仙女山镇',3,370),(3846,'凤来乡',3,370),(3847,'双河乡',3,370),(3848,'后坪乡',3,370),(3849,'和顺乡',3,370),(3850,'土地乡',3,370),(3851,'土坎镇',3,370),(3852,'巷口镇',3,370),(3853,'平桥镇',3,370),(3854,'庙垭乡',3,370),(3855,'接龙乡',3,370),(3856,'文复乡',3,370),(3857,'桐梓镇',3,370),(3858,'江口镇',3,370),(3859,'沧沟乡',3,370),(3860,'浩口乡',3,370),(3861,'火炉镇',3,370),(3862,'白云乡',3,370),(3863,'白马镇',3,370),(3864,'石桥乡',3,370),(3865,'羊角镇',3,370),(3866,'赵家乡',3,370),(3867,'铁矿乡',3,370),(3868,'长坝镇',3,370),(3869,'鸭江镇',3,370),(3870,'黄莺乡',3,370),(3871,'三汇镇',3,371),(3872,'东溪镇',3,371),(3873,'乌杨镇',3,371),(3874,'任家镇',3,371),(3875,'兴峰乡',3,371),(3876,'双桂镇',3,371),(3877,'善广乡',3,371),(3878,'复兴镇',3,371),(3879,'官坝镇',3,371),(3880,'忠州镇',3,371),(3881,'拔山镇',3,371),(3882,'新生镇',3,371),(3883,'新立镇',3,371),(3884,'永丰镇',3,371),(3885,'汝溪镇',3,371),(3886,'洋渡镇',3,371),(3887,'涂井乡',3,371),(3888,'白石镇',3,371),(3889,'石子乡',3,371),(3890,'石宝镇',3,371),(3891,'石黄镇',3,371),(3892,'磨子土家族乡',3,371),(3893,'花桥镇',3,371),(3894,'野鹤镇',3,371),(3895,'金声乡',3,371),(3896,'金鸡镇',3,371),(3897,'马灌镇',3,371),(3898,'黄金镇',3,371),(3899,'三汇口乡',3,372),(3900,'中和镇',3,372),(3901,'丰乐街道',3,372),(3902,'临江镇',3,372),(3903,'义和镇',3,372),(3904,'九龙山镇',3,372),(3905,'五通乡',3,372),(3906,'关面乡',3,372),(3907,'南门镇',3,372),(3908,'南雅镇',3,372),(3909,'厚坝镇',3,372),(3910,'和谦镇',3,372),(3911,'大德乡',3,372),(3912,'大进镇',3,372),(3913,'天和乡',3,372),(3914,'岳溪镇',3,372),(3915,'巫山乡',3,372),(3916,'敦好镇',3,372),(3917,'汉丰街道',3,372),(3918,'河堰镇',3,372),(3919,'渠口镇',3,372),(3920,'温泉镇',3,372),(3921,'满月乡',3,372),(3922,'白桥乡',3,372),(3923,'白泉乡',3,372),(3924,'白鹤街道',3,372),(3925,'竹溪镇',3,372),(3926,'紫水乡',3,372),(3927,'谭家乡',3,372),(3928,'赵家镇',3,372),(3929,'郭家镇',3,372),(3930,'金峰乡',3,372),(3931,'铁桥镇',3,372),(3932,'镇东街道',3,372),(3933,'镇安镇',3,372),(3934,'长沙镇',3,372),(3935,'高桥镇',3,372),(3936,'麻柳乡',3,372),(3937,'上坝乡',3,373),(3938,'云安镇',3,373),(3939,'云硐乡',3,373),(3940,'云阳镇',3,373),(3941,'人和镇',3,373),(3942,'养鹿乡',3,373),(3943,'农坝镇',3,373),(3944,'凤鸣镇',3,373),(3945,'南溪镇',3,373),(3946,'双土镇',3,373),(3947,'双江街道',3,373),(3948,'双龙乡',3,373),(3949,'后叶乡',3,373),(3950,'堰坪乡',3,373),(3951,'外郎乡',3,373),(3952,'大阳乡',3,373),(3953,'宝坪镇',3,373),(3954,'巴阳镇',3,373),(3955,'平安镇',3,373),(3956,'故陵镇',3,373),(3957,'新津乡',3,373),(3958,'普安乡',3,373),(3959,'栖霞乡',3,373),(3960,'桑坪镇',3,373),(3961,'毛坝乡',3,373),(3962,'水口乡',3,373),(3963,'江口镇',3,373),(3964,'沙市镇',3,373),(3965,'泥溪乡',3,373),(3966,'洞鹿乡',3,373),(3967,'清水土家族乡',3,373),(3968,'渠马镇',3,373),(3969,'盘龙镇',3,373),(3970,'石门乡',3,373),(3971,'票草乡',3,373),(3972,'红狮镇',3,373),(3973,'耀灵乡',3,373),(3974,'路阳镇',3,373),(3975,'青龙街道',3,373),(3976,'高阳镇',3,373),(3977,'鱼泉镇',3,373),(3978,'黄石镇',3,373),(3979,'龙洞乡',3,373),(3980,'龙角镇',3,373),(3981,'云雾土家族乡',3,374),(3982,'五马乡',3,374),(3983,'公平镇',3,374),(3984,'兴隆镇',3,374),(3985,'冯坪乡',3,374),(3986,'吐祥镇',3,374),(3987,'大树镇',3,374),(3988,'太和乡',3,374),(3989,'安坪乡',3,374),(3990,'岩湾乡',3,374),(3991,'平安乡',3,374),(3992,'康乐镇',3,374),(3993,'康坪乡',3,374),(3994,'新政乡',3,374),(3995,'新民镇',3,374),(3996,'朱衣镇',3,374),(3997,'永乐镇',3,374),(3998,'永安镇',3,374),(3999,'汾河镇',3,374),(4000,'甲高镇',3,374),(4001,'白帝镇',3,374),(4002,'石岗乡',3,374),(4003,'竹园镇',3,374),(4004,'红土乡',3,374),(4005,'羊市镇',3,374),(4006,'草堂镇',3,374),(4007,'长安土家族乡',3,374),(4008,'青龙镇',3,374),(4009,'鹤峰乡',3,374),(4010,'龙桥土家族乡',3,374),(4011,'三溪乡',3,375),(4012,'两坪乡',3,375),(4013,'双龙镇',3,375),(4014,'培石乡',3,375),(4015,'大昌镇',3,375),(4016,'大溪乡',3,375),(4017,'官渡镇',3,375),(4018,'官阳镇',3,375),(4019,'巫峡镇',3,375),(4020,'平河乡',3,375),(4021,'庙堂乡',3,375),(4022,'庙宇镇',3,375),(4023,'建平乡',3,375),(4024,'当阳乡',3,375),(4025,'抱龙镇',3,375),(4026,'曲尺乡',3,375),(4027,'福田镇',3,375),(4028,'竹贤乡',3,375),(4029,'笃坪乡',3,375),(4030,'红椿土家族乡',3,375),(4031,'邓家土家族乡',3,375),(4032,'金坪乡',3,375),(4033,'铜鼓镇',3,375),(4034,'骡坪镇',3,375),(4035,'龙井乡',3,375),(4036,'龙溪镇',3,375),(4037,'上磺镇',3,376),(4038,'下堡镇',3,376),(4039,'中岗乡',3,376),(4040,'中梁乡',3,376),(4041,'乌龙乡',3,376),(4042,'兰英乡',3,376),(4043,'凤凰镇',3,376),(4044,'双阳乡',3,376),(4045,'古路镇',3,376),(4046,'土城乡',3,376),(4047,'城厢镇',3,376),(4048,'塘坊乡',3,376),(4049,'大河乡',3,376),(4050,'天元乡',3,376),(4051,'天星乡',3,376),(4052,'宁厂镇',3,376),(4053,'尖山镇',3,376),(4054,'峰灵乡',3,376),(4055,'徐家镇',3,376),(4056,'文峰镇',3,376),(4057,'朝阳洞乡',3,376),(4058,'田坝乡',3,376),(4059,'白鹿镇',3,376),(4060,'胜利乡',3,376),(4061,'花台乡',3,376),(4062,'菱角乡',3,376),(4063,'蒲莲乡',3,376),(4064,'通城乡',3,376),(4065,'长桂乡',3,376),(4066,'鱼鳞乡',3,376),(4067,'万朝乡',3,377),(4068,'三星乡',3,377),(4069,'三河乡',3,377),(4070,'三益乡',3,377),(4071,'下路镇',3,377),(4072,'中益乡',3,377),(4073,'临溪镇',3,377),(4074,'六塘乡',3,377),(4075,'冷水乡',3,377),(4076,'南宾镇',3,377),(4077,'大歇乡',3,377),(4078,'悦崃镇',3,377),(4079,'新乐乡',3,377),(4080,'枫木乡',3,377),(4081,'桥头乡',3,377),(4082,'沙子镇',3,377),(4083,'河嘴乡',3,377),(4084,'沿溪镇',3,377),(4085,'洗新乡',3,377),(4086,'渔池镇',3,377),(4087,'王场镇',3,377),(4088,'王家乡',3,377),(4089,'石家乡',3,377),(4090,'西沱镇',3,377),(4091,'金竹乡',3,377),(4092,'金铃乡',3,377),(4093,'马武镇',3,377),(4094,'黄水镇',3,377),(4095,'黄鹤乡',3,377),(4096,'黎场乡',3,377),(4097,'龙沙镇',3,377),(4098,'龙潭乡',3,377),(4099,'中和镇',3,378),(4100,'中平乡',3,378),(4101,'保安乡',3,378),(4102,'兰桥镇',3,378),(4103,'塘坳乡',3,378),(4104,'大溪乡',3,378),(4105,'妙泉乡',3,378),(4106,'孝溪乡',3,378),(4107,'宋农乡',3,378),(4108,'官庄镇',3,378),(4109,'官舟乡',3,378),(4110,'岑溪乡',3,378),(4111,'峨溶镇',3,378),(4112,'巴家乡',3,378),(4113,'干川乡',3,378),(4114,'平凯镇',3,378),(4115,'平马乡',3,378),(4116,'梅江镇',3,378),(4117,'洪安镇',3,378),(4118,'海洋乡',3,378),(4119,'涌洞乡',3,378),(4120,'清溪场镇',3,378),(4121,'溪口乡',3,378),(4122,'溶溪镇',3,378),(4123,'石堤镇',3,378),(4124,'石耶镇',3,378),(4125,'膏田乡',3,378),(4126,'里仁乡',3,378),(4127,'钟灵乡',3,378),(4128,'隘口镇',3,378),(4129,'雅江镇',3,378),(4130,'龙池镇',3,378),(4131,'丁市镇',3,379),(4132,'万木乡',3,379),(4133,'两罾乡',3,379),(4134,'五福乡',3,379),(4135,'偏柏乡',3,379),(4136,'兴隆镇',3,379),(4137,'南腰界乡',3,379),(4138,'双泉乡',3,379),(4139,'可大乡',3,379),(4140,'后坪坝乡',3,379),(4141,'后溪镇',3,379),(4142,'大溪镇',3,379),(4143,'天馆乡',3,379),(4144,'官清乡',3,379),(4145,'宜居乡',3,379),(4146,'小河镇',3,379),(4147,'庙溪乡',3,379),(4148,'木叶乡',3,379),(4149,'李溪镇',3,379),(4150,'板桥乡',3,379),(4151,'板溪乡',3,379),(4152,'楠木乡',3,379),(4153,'毛坝乡',3,379),(4154,'江丰乡',3,379),(4155,'泔溪镇',3,379),(4156,'浪坪乡',3,379),(4157,'涂市乡',3,379),(4158,'清泉乡',3,379),(4159,'腴地乡',3,379),(4160,'花田乡',3,379),(4161,'苍岭镇',3,379),(4162,'车田乡',3,379),(4163,'酉酬镇',3,379),(4164,'钟多镇',3,379),(4165,'铜鼓乡',3,379),(4166,'麻旺镇',3,379),(4167,'黑水镇',3,379),(4168,'龙潭镇',3,379),(4169,'龚滩镇',3,379),(4170,'万足乡',3,380),(4171,'三义乡',3,380),(4172,'乔梓乡',3,380),(4173,'保家镇',3,380),(4174,'双龙乡',3,380),(4175,'善感乡',3,380),(4176,'大垭乡',3,380),(4177,'太原乡',3,380),(4178,'小厂乡',3,380),(4179,'岩东乡',3,380),(4180,'平安乡',3,380),(4181,'新田乡',3,380),(4182,'普子镇',3,380),(4183,'朗溪乡',3,380),(4184,'桐楼乡',3,380),(4185,'桑柘镇',3,380),(4186,'梅子垭乡',3,380),(4187,'棣棠乡',3,380),(4188,'汉葭镇',3,380),(4189,'润溪乡',3,380),(4190,'石柳乡',3,380),(4191,'石盘乡',3,380),(4192,'联合乡',3,380),(4193,'芦塘乡',3,380),(4194,'诸佛乡',3,380),(4195,'走马乡',3,380),(4196,'迁乔乡',3,380),(4197,'连湖镇',3,380),(4198,'郁山镇',3,380),(4199,'长滩乡',3,380),(4200,'靛水乡',3,380),(4201,'鞍子乡',3,380),(4202,'高谷镇',3,380),(4203,'鹿角镇',3,380),(4204,'鹿鸣乡',3,380),(4205,'黄家镇',3,380),(4206,'龙塘乡',3,380),(4207,'龙射镇',3,380),(4208,'龙溪乡',3,380),(4209,'双流县',3,385),(4210,'大邑县',3,385),(4211,'崇州市',3,385),(4212,'彭州市',3,385),(4213,'成华区',3,385),(4214,'新津县',3,385),(4215,'新都区',3,385),(4216,'武侯区',3,385),(4217,'温江区',3,385),(4218,'蒲江县',3,385),(4219,'邛崃市',3,385),(4220,'郫县',3,385),(4221,'都江堰市',3,385),(4222,'金堂县',3,385),(4223,'金牛区',3,385),(4224,'锦江区',3,385),(4225,'青白江区',3,385),(4226,'青羊区',3,385),(4227,'龙泉驿区',3,385),(4228,'大安区',3,386),(4229,'富顺县',3,386),(4230,'沿滩区',3,386),(4231,'自流井区',3,386),(4232,'荣县',3,386),(4233,'贡井区',3,386),(4234,'东区',3,387),(4235,'仁和区',3,387),(4236,'盐边县',3,387),(4237,'米易县',3,387),(4238,'西区',3,387),(4239,'叙永县',3,388),(4240,'古蔺县',3,388),(4241,'合江县',3,388),(4242,'江阳区',3,388),(4243,'泸县',3,388),(4244,'纳溪区',3,388),(4245,'龙马潭区',3,388),(4246,'中江县',3,389),(4247,'什邡市',3,389),(4248,'广汉市',3,389),(4249,'旌阳区',3,389),(4250,'绵竹市',3,389),(4251,'罗江县',3,389),(4252,'三台县',3,390),(4253,'北川羌族自治县',3,390),(4254,'安县',3,390),(4255,'平武县',3,390),(4256,'梓潼县',3,390),(4257,'江油市',3,390),(4258,'涪城区',3,390),(4259,'游仙区',3,390),(4260,'盐亭县',3,390),(4261,'元坝区',3,391),(4262,'利州区',3,391),(4263,'剑阁县',3,391),(4264,'旺苍县',3,391),(4265,'朝天区',3,391),(4266,'苍溪县',3,391),(4267,'青川县',3,391),(4268,'大英县',3,392),(4269,'安居区',3,392),(4270,'射洪县',3,392),(4271,'船山区',3,392),(4272,'蓬溪县',3,392),(4273,'东兴区',3,393),(4274,'威远县',3,393),(4275,'市中区',3,393),(4276,'资中县',3,393),(4277,'隆昌县',3,393),(4278,'五通桥区',3,394),(4279,'井研县',3,394),(4280,'夹江县',3,394),(4281,'峨眉山市',3,394),(4282,'峨边彝族自治县',3,394),(4283,'市中区',3,394),(4284,'沐川县',3,394),(4285,'沙湾区',3,394),(4286,'犍为县',3,394),(4287,'金口河区',3,394),(4288,'马边彝族自治县',3,394),(4289,'仪陇县',3,395),(4290,'南充市嘉陵区',3,395),(4291,'南部县',3,395),(4292,'嘉陵区',3,395),(4293,'营山县',3,395),(4294,'蓬安县',3,395),(4295,'西充县',3,395),(4296,'阆中市',3,395),(4297,'顺庆区',3,395),(4298,'高坪区',3,395),(4299,'东坡区',3,396),(4300,'丹棱县',3,396),(4301,'仁寿县',3,396),(4302,'彭山县',3,396),(4303,'洪雅县',3,396),(4304,'青神县',3,396),(4305,'兴文县',3,397),(4306,'南溪县',3,397),(4307,'宜宾县',3,397),(4308,'屏山县',3,397),(4309,'江安县',3,397),(4310,'珙县',3,397),(4311,'筠连县',3,397),(4312,'翠屏区',3,397),(4313,'长宁县',3,397),(4314,'高县',3,397),(4315,'华蓥市',3,398),(4316,'岳池县',3,398),(4317,'广安区',3,398),(4318,'武胜县',3,398),(4319,'邻水县',3,398),(4320,'万源市',3,399),(4321,'大竹县',3,399),(4322,'宣汉县',3,399),(4323,'开江县',3,399),(4324,'渠县',3,399),(4325,'达县',3,399),(4326,'通川区',3,399),(4327,'名山县',3,400),(4328,'天全县',3,400),(4329,'宝兴县',3,400),(4330,'汉源县',3,400),(4331,'石棉县',3,400),(4332,'芦山县',3,400),(4333,'荥经县',3,400),(4334,'雨城区',3,400),(4335,'南江县',3,401),(4336,'巴州区',3,401),(4337,'平昌县',3,401),(4338,'通江县',3,401),(4339,'乐至县',3,402),(4340,'安岳县',3,402),(4341,'简阳市',3,402),(4342,'雁江区',3,402),(4343,'九寨沟县',3,403),(4344,'壤塘县',3,403),(4345,'小金县',3,403),(4346,'松潘县',3,403),(4347,'汶川县',3,403),(4348,'理县',3,403),(4349,'红原县',3,403),(4350,'若尔盖县',3,403),(4351,'茂县',3,403),(4352,'金川县',3,403),(4353,'阿坝县',3,403),(4354,'马尔康县',3,403),(4355,'黑水县',3,403),(4356,'丹巴县',3,404),(4357,'乡城县',3,404),(4358,'巴塘县',3,404),(4359,'康定县',3,404),(4360,'得荣县',3,404),(4361,'德格县',3,404),(4362,'新龙县',3,404),(4363,'泸定县',3,404),(4364,'炉霍县',3,404),(4365,'理塘县',3,404),(4366,'甘孜县',3,404),(4367,'白玉县',3,404),(4368,'石渠县',3,404),(4369,'稻城县',3,404),(4370,'色达县',3,404),(4371,'道孚县',3,404),(4372,'雅江县',3,404),(4373,'会东县',3,405),(4374,'会理县',3,405),(4375,'冕宁县',3,405),(4376,'喜德县',3,405),(4377,'宁南县',3,405),(4378,'布拖县',3,405),(4379,'德昌县',3,405),(4380,'昭觉县',3,405),(4381,'普格县',3,405),(4382,'木里藏族自治县',3,405),(4383,'甘洛县',3,405),(4384,'盐源县',3,405),(4385,'美姑县',3,405),(4386,'西昌',3,405),(4387,'越西县',3,405),(4388,'金阳县',3,405),(4389,'雷波县',3,405),(4390,'乌当区',3,406),(4391,'云岩区',3,406),(4392,'修文县',3,406),(4393,'南明区',3,406),(4394,'小河区',3,406),(4395,'开阳县',3,406),(4396,'息烽县',3,406),(4397,'清镇市',3,406),(4398,'白云区',3,406),(4399,'花溪区',3,406),(4400,'六枝特区',3,407),(4401,'水城县',3,407),(4402,'盘县',3,407),(4403,'钟山区',3,407),(4404,'习水县',3,408),(4405,'仁怀市',3,408),(4406,'余庆县',3,408),(4407,'凤冈县',3,408),(4408,'务川仡佬族苗族自治县',3,408),(4409,'桐梓县',3,408),(4410,'正安县',3,408),(4411,'汇川区',3,408),(4412,'湄潭县',3,408),(4413,'红花岗区',3,408),(4414,'绥阳县',3,408),(4415,'赤水市',3,408),(4416,'道真仡佬族苗族自治县',3,408),(4417,'遵义县',3,408),(4418,'关岭布依族苗族自治县',3,409),(4419,'平坝县',3,409),(4420,'普定县',3,409),(4421,'紫云苗族布依族自治县',3,409),(4422,'西秀区',3,409),(4423,'镇宁布依族苗族自治县',3,409),(4424,'万山特区',3,410),(4425,'印江土家族苗族自治县',3,410),(4426,'德江县',3,410),(4427,'思南县',3,410),(4428,'松桃苗族自治县',3,410),(4429,'江口县',3,410),(4430,'沿河土家族自治县',3,410),(4431,'玉屏侗族自治县',3,410),(4432,'石阡县',3,410),(4433,'铜仁市',3,410),(4434,'兴义市',3,411),(4435,'兴仁县',3,411),(4436,'册亨县',3,411),(4437,'安龙县',3,411),(4438,'普安县',3,411),(4439,'晴隆县',3,411),(4440,'望谟县',3,411),(4441,'贞丰县',3,411),(4442,'大方县',3,412),(4443,'威宁彝族回族苗族自治县',3,412),(4444,'毕节市',3,412),(4445,'纳雍县',3,412),(4446,'织金县',3,412),(4447,'赫章县',3,412),(4448,'金沙县',3,412),(4449,'黔西县',3,412),(4450,'三穗县',3,413),(4451,'丹寨县',3,413),(4452,'从江县',3,413),(4453,'凯里市',3,413),(4454,'剑河县',3,413),(4455,'台江县',3,413),(4456,'天柱县',3,413),(4457,'岑巩县',3,413),(4458,'施秉县',3,413),(4459,'榕江县',3,413),(4460,'锦屏县',3,413),(4461,'镇远县',3,413),(4462,'雷山县',3,413),(4463,'麻江县',3,413),(4464,'黄平县',3,413),(4465,'黎平县',3,413),(4466,'三都水族自治县',3,414),(4467,'平塘县',3,414),(4468,'惠水县',3,414),(4469,'独山县',3,414),(4470,'瓮安县',3,414),(4471,'福泉市',3,414),(4472,'罗甸县',3,414),(4473,'荔波县',3,414),(4474,'贵定县',3,414),(4475,'都匀市',3,414),(4476,'长顺县',3,414),(4477,'龙里县',3,414),(4478,'东川区',3,415),(4479,'五华区',3,415),(4480,'呈贡县',3,415),(4481,'安宁市',3,415),(4482,'官渡区',3,415),(4483,'宜良县',3,415),(4484,'富民县',3,415),(4485,'寻甸回族彝族自治县',3,415),(4486,'嵩明县',3,415),(4487,'晋宁县',3,415),(4488,'盘龙区',3,415),(4489,'石林彝族自治县',3,415),(4490,'禄劝彝族苗族自治县',3,415),(4491,'西山区',3,415),(4492,'会泽县',3,416),(4493,'宣威市',3,416),(4494,'富源县',3,416),(4495,'师宗县',3,416),(4496,'沾益县',3,416),(4497,'罗平县',3,416),(4498,'陆良县',3,416),(4499,'马龙县',3,416),(4500,'麒麟区',3,416),(4501,'元江哈尼族彝族傣族自治县',3,417),(4502,'华宁县',3,417),(4503,'峨山彝族自治县',3,417),(4504,'新平彝族傣族自治县',3,417),(4505,'易门县',3,417),(4506,'江川县',3,417),(4507,'澄江县',3,417),(4508,'红塔区',3,417),(4509,'通海县',3,417),(4510,'施甸县',3,418),(4511,'昌宁县',3,418),(4512,'腾冲县',3,418),(4513,'隆阳区',3,418),(4514,'龙陵县',3,418),(4515,'大关县',3,419),(4516,'威信县',3,419),(4517,'巧家县',3,419),(4518,'彝良县',3,419),(4519,'昭阳区',3,419),(4520,'水富县',3,419),(4521,'永善县',3,419),(4522,'盐津县',3,419),(4523,'绥江县',3,419),(4524,'镇雄县',3,419),(4525,'鲁甸县',3,419),(4526,'华坪县',3,420),(4527,'古城区',3,420),(4528,'宁蒗彝族自治县',3,420),(4529,'永胜县',3,420),(4530,'玉龙纳西族自治县',3,420),(4531,'临翔区',3,422),(4532,'云县',3,422),(4533,'凤庆县',3,422),(4534,'双江拉祜族佤族布朗族傣族自治县',3,422),(4535,'永德县',3,422),(4536,'沧源佤族自治县',3,422),(4537,'耿马傣族佤族自治县',3,422),(4538,'镇康县',3,422),(4539,'元谋县',3,423),(4540,'南华县',3,423),(4541,'双柏县',3,423),(4542,'大姚县',3,423),(4543,'姚安县',3,423),(4544,'楚雄市',3,423),(4545,'武定县',3,423),(4546,'永仁县',3,423),(4547,'牟定县',3,423),(4548,'禄丰县',3,423),(4549,'个旧市',3,424),(4550,'元阳县',3,424),(4551,'屏边苗族自治县',3,424),(4552,'建水县',3,424),(4553,'开远市',3,424),(4554,'弥勒县',3,424),(4555,'河口瑶族自治县',3,424),(4556,'泸西县',3,424),(4557,'石屏县',3,424),(4558,'红河县',3,424),(4559,'绿春县',3,424),(4560,'蒙自县',3,424),(4561,'金平苗族瑶族傣族自治县',3,424),(4562,'丘北县',3,425),(4563,'富宁县',3,425),(4564,'广南县',3,425),(4565,'文山县',3,425),(4566,'砚山县',3,425),(4567,'西畴县',3,425),(4568,'马关县',3,425),(4569,'麻栗坡县',3,425),(4570,'勐海县',3,426),(4571,'勐腊县',3,426),(4572,'景洪市',3,426),(4573,'云龙县',3,427),(4574,'剑川县',3,427),(4575,'南涧彝族自治县',3,427),(4576,'大理市',3,427),(4577,'宾川县',3,427),(4578,'巍山彝族回族自治县',3,427),(4579,'弥渡县',3,427),(4580,'永平县',3,427),(4581,'洱源县',3,427),(4582,'漾濞彝族自治县',3,427),(4583,'祥云县',3,427),(4584,'鹤庆县',3,427),(4585,'梁河县',3,428),(4586,'潞西市',3,428),(4587,'瑞丽市',3,428),(4588,'盈江县',3,428),(4589,'陇川县',3,428),(4590,'德钦县',3,430),(4591,'维西傈僳族自治县',3,430),(4592,'香格里拉县',3,430),(4593,'城关区',3,431),(4594,'堆龙德庆县',3,431),(4595,'墨竹工卡县',3,431),(4596,'尼木县',3,431),(4597,'当雄县',3,431),(4598,'曲水县',3,431),(4599,'林周县',3,431),(4600,'达孜县',3,431),(4601,'丁青县',3,432),(4602,'八宿县',3,432),(4603,'察雅县',3,432),(4604,'左贡县',3,432),(4605,'昌都县',3,432),(4606,'江达县',3,432),(4607,'洛隆县',3,432),(4608,'类乌齐县',3,432),(4609,'芒康县',3,432),(4610,'贡觉县',3,432),(4611,'边坝县',3,432),(4612,'乃东县',3,433),(4613,'加查县',3,433),(4614,'扎囊县',3,433),(4615,'措美县',3,433),(4616,'曲松县',3,433),(4617,'桑日县',3,433),(4618,'洛扎县',3,433),(4619,'浪卡子县',3,433),(4620,'琼结县',3,433),(4621,'贡嘎县',3,433),(4622,'错那县',3,433),(4623,'隆子县',3,433),(4624,'亚东县',3,434),(4625,'仁布县',3,434),(4626,'仲巴县',3,434),(4627,'南木林县',3,434),(4628,'吉隆县',3,434),(4629,'定日县',3,434),(4630,'定结县',3,434),(4631,'岗巴县',3,434),(4632,'康马县',3,434),(4633,'拉孜县',3,434),(4634,'日喀则市',3,434),(4635,'昂仁县',3,434),(4636,'江孜县',3,434),(4637,'白朗县',3,434),(4638,'聂拉木县',3,434),(4639,'萨嘎县',3,434),(4640,'萨迦县',3,434),(4641,'谢通门县',3,434),(4642,'嘉黎县',3,435),(4643,'安多县',3,435),(4644,'尼玛县',3,435),(4645,'巴青县',3,435),(4646,'比如县',3,435),(4647,'班戈县',3,435),(4648,'申扎县',3,435),(4649,'索县',3,435),(4650,'聂荣县',3,435),(4651,'那曲县',3,435),(4652,'噶尔县',3,436),(4653,'措勤县',3,436),(4654,'改则县',3,436),(4655,'日土县',3,436),(4656,'普兰县',3,436),(4657,'札达县',3,436),(4658,'革吉县',3,436),(4659,'墨脱县',3,437),(4660,'察隅县',3,437),(4661,'工布江达县',3,437),(4662,'朗县',3,437),(4663,'林芝县',3,437),(4664,'波密县',3,437),(4665,'米林县',3,437),(4666,'临潼区',3,438),(4667,'周至县',3,438),(4668,'户县',3,438),(4669,'新城区',3,438),(4670,'未央区',3,438),(4671,'灞桥区',3,438),(4672,'碑林区',3,438),(4673,'莲湖区',3,438),(4674,'蓝田县',3,438),(4675,'长安区',3,438),(4676,'阎良区',3,438),(4677,'雁塔区',3,438),(4678,'高陵县',3,438),(4679,'印台区',3,439),(4680,'宜君县',3,439),(4681,'王益区',3,439),(4682,'耀州区',3,439),(4683,'凤县',3,440),(4684,'凤翔县',3,440),(4685,'千阳县',3,440),(4686,'太白县',3,440),(4687,'岐山县',3,440),(4688,'扶风县',3,440),(4689,'渭滨区',3,440),(4690,'眉县',3,440),(4691,'金台区',3,440),(4692,'陇县',3,440),(4693,'陈仓区',3,440),(4694,'麟游县',3,440),(4695,'三原县',3,441),(4696,'干县',3,441),(4697,'兴平市',3,441),(4698,'彬县',3,441),(4699,'旬邑县',3,441),(4700,'杨陵区',3,441),(4701,'武功县',3,441),(4702,'永寿县',3,441),(4703,'泾阳县',3,441),(4704,'淳化县',3,441),(4705,'渭城区',3,441),(4706,'礼泉县',3,441),(4707,'秦都区',3,441),(4708,'长武县',3,441),(4709,'临渭区',3,442),(4710,'华县',3,442),(4711,'华阴市',3,442),(4712,'合阳县',3,442),(4713,'大荔县',3,442),(4714,'富平县',3,442),(4715,'潼关县',3,442),(4716,'澄城县',3,442),(4717,'白水县',3,442),(4718,'蒲城县',3,442),(4719,'韩城市',3,442),(4720,'吴起县',3,443),(4721,'子长县',3,443),(4722,'安塞县',3,443),(4723,'宜川县',3,443),(4724,'宝塔区',3,443),(4725,'富县',3,443),(4726,'延川县',3,443),(4727,'延长县',3,443),(4728,'志丹县',3,443),(4729,'洛川县',3,443),(4730,'甘泉县',3,443),(4731,'黄陵县',3,443),(4732,'黄龙县',3,443),(4733,'佛坪县',3,444),(4734,'勉县',3,444),(4735,'南郑县',3,444),(4736,'城固县',3,444),(4737,'宁强县',3,444),(4738,'汉台区',3,444),(4739,'洋县',3,444),(4740,'留坝县',3,444),(4741,'略阳县',3,444),(4742,'西乡县',3,444),(4743,'镇巴县',3,444),(4744,'佳县',3,445),(4745,'吴堡县',3,445),(4746,'子洲县',3,445),(4747,'定边县',3,445),(4748,'府谷县',3,445),(4749,'榆林市榆阳区',3,445),(4750,'横山县',3,445),(4751,'清涧县',3,445),(4752,'神木县',3,445),(4753,'米脂县',3,445),(4754,'绥德县',3,445),(4755,'靖边县',3,445),(4756,'宁陕县',3,446),(4757,'岚皋县',3,446),(4758,'平利县',3,446),(4759,'旬阳县',3,446),(4760,'汉滨区',3,446),(4761,'汉阴县',3,446),(4762,'白河县',3,446),(4763,'石泉县',3,446),(4764,'紫阳县',3,446),(4765,'镇坪县',3,446),(4766,'丹凤县',3,447),(4767,'商南县',3,447),(4768,'商州区',3,447),(4769,'山阳县',3,447),(4770,'柞水县',3,447),(4771,'洛南县',3,447),(4772,'镇安县',3,447),(4773,'七里河区',3,448),(4774,'城关区',3,448),(4775,'安宁区',3,448),(4776,'榆中县',3,448),(4777,'永登县',3,448),(4778,'皋兰县',3,448),(4779,'红古区',3,448),(4780,'西固区',3,448),(4781,'嘉峪关市',3,449),(4782,'永昌县',3,450),(4783,'金川区',3,450),(4784,'会宁县',3,451),(4785,'平川区',3,451),(4786,'景泰县',3,451),(4787,'白银区',3,451),(4788,'靖远县',3,451),(4789,'张家川回族自治县',3,452),(4790,'武山县',3,452),(4791,'清水县',3,452),(4792,'甘谷县',3,452),(4793,'秦安县',3,452),(4794,'秦州区',3,452),(4795,'麦积区',3,452),(4796,'凉州区',3,453),(4797,'古浪县',3,453),(4798,'天祝藏族自治县',3,453),(4799,'民勤县',3,453),(4800,'临泽县',3,454),(4801,'山丹县',3,454),(4802,'民乐县',3,454),(4803,'甘州区',3,454),(4804,'肃南裕固族自治县',3,454),(4805,'高台县',3,454),(4806,'华亭县',3,455),(4807,'崆峒区',3,455),(4808,'崇信县',3,455),(4809,'庄浪县',3,455),(4810,'泾川县',3,455),(4811,'灵台县',3,455),(4812,'静宁县',3,455),(4813,'敦煌市',3,456),(4814,'玉门市',3,456),(4815,'瓜州县（原安西县）',3,456),(4816,'肃北蒙古族自治县',3,456),(4817,'肃州区',3,456),(4818,'金塔县',3,456),(4819,'阿克塞哈萨克族自治县',3,456),(4820,'华池县',3,457),(4821,'合水县',3,457),(4822,'宁县',3,457),(4823,'庆城县',3,457),(4824,'正宁县',3,457),(4825,'环县',3,457),(4826,'西峰区',3,457),(4827,'镇原县',3,457),(4828,'临洮县',3,458),(4829,'安定区',3,458),(4830,'岷县',3,458),(4831,'渭源县',3,458),(4832,'漳县',3,458),(4833,'通渭县',3,458),(4834,'陇西县',3,458),(4835,'两当县',3,459),(4836,'宕昌县',3,459),(4837,'康县',3,459),(4838,'徽县',3,459),(4839,'成县',3,459),(4840,'文县',3,459),(4841,'武都区',3,459),(4842,'礼县',3,459),(4843,'西和县',3,459),(4844,'东乡族自治县',3,460),(4845,'临夏县',3,460),(4846,'临夏市',3,460),(4847,'和政县',3,460),(4848,'广河县',3,460),(4849,'康乐县',3,460),(4850,'永靖县',3,460),(4851,'积石山保安族东乡族撒拉族自治县',3,460),(4852,'临潭县',3,461),(4853,'卓尼县',3,461),(4854,'合作市',3,461),(4855,'夏河县',3,461),(4856,'玛曲县',3,461),(4857,'碌曲县',3,461),(4858,'舟曲县',3,461),(4859,'迭部县',3,461),(4860,'城东区',3,462),(4861,'城中区',3,462),(4862,'城北区',3,462),(4863,'城西区',3,462),(4864,'大通回族土族自治县',3,462),(4865,'湟中县',3,462),(4866,'湟源县',3,462),(4867,'乐都县',3,463),(4868,'互助土族自治县',3,463),(4869,'化隆回族自治县',3,463),(4870,'平安县',3,463),(4871,'循化撒拉族自治县',3,463),(4872,'民和回族土族自治县',3,463),(4873,'刚察县',3,464),(4874,'海晏县',3,464),(4875,'祁连县',3,464),(4876,'门源回族自治县',3,464),(4877,'同仁县',3,465),(4878,'尖扎县',3,465),(4879,'河南蒙古族自治县',3,465),(4880,'泽库县',3,465),(4881,'共和县',3,466),(4882,'兴海县',3,466),(4883,'同德县',3,466),(4884,'贵南县',3,466),(4885,'贵德县',3,466),(4886,'久治县',3,467),(4887,'玛多县',3,467),(4888,'玛沁县',3,467),(4889,'班玛县',3,467),(4890,'甘德县',3,467),(4891,'达日县',3,467),(4892,'囊谦县',3,468),(4893,'曲麻莱县',3,468),(4894,'杂多县',3,468),(4895,'治多县',3,468),(4896,'玉树县',3,468),(4897,'称多县',3,468),(4898,'乌兰县',3,469),(4899,'冷湖行委',3,469),(4900,'大柴旦行委',3,469),(4901,'天峻县',3,469),(4902,'德令哈市',3,469),(4903,'格尔木市',3,469),(4904,'茫崖行委',3,469),(4905,'都兰县',3,469),(4906,'兴庆区',3,470),(4907,'永宁县',3,470),(4908,'灵武市',3,470),(4909,'西夏区',3,470),(4910,'贺兰县',3,470),(4911,'金凤区',3,470),(4912,'大武口区',3,471),(4913,'平罗县',3,471),(4914,'惠农区',3,471),(4915,'利通区',3,472),(4916,'同心县',3,472),(4917,'盐池县',3,472),(4918,'青铜峡市',3,472),(4919,'原州区',3,473),(4920,'彭阳县',3,473),(4921,'泾源县',3,473),(4922,'西吉县',3,473),(4923,'隆德县',3,473),(4924,'中宁县',3,474),(4925,'沙坡头区',3,474),(4926,'海原县',3,474),(4927,'东山区',3,475),(4928,'乌鲁木齐县',3,475),(4929,'天山区',3,475),(4930,'头屯河区',3,475),(4931,'新市区',3,475),(4932,'水磨沟区',3,475),(4933,'沙依巴克区',3,475),(4934,'达坂城区',3,475),(4935,'乌尔禾区',3,476),(4936,'克拉玛依区',3,476),(4937,'独山子区',3,476),(4938,'白碱滩区',3,476),(4939,'吐鲁番市',3,477),(4940,'托克逊县',3,477),(4941,'鄯善县',3,477),(4942,'伊吾县',3,478),(4943,'哈密市',3,478),(4944,'巴里坤哈萨克自治县',3,478),(4945,'吉木萨尔县',3,479),(4946,'呼图壁县',3,479),(4947,'奇台县',3,479),(4948,'昌吉市',3,479),(4949,'木垒哈萨克自治县',3,479),(4950,'玛纳斯县',3,479),(4951,'米泉市',3,479),(4952,'阜康市',3,479),(4953,'博乐市',3,480),(4954,'温泉县',3,480),(4955,'精河县',3,480),(4956,'博湖县',3,481),(4957,'和硕县',3,481),(4958,'和静县',3,481),(4959,'尉犁县',3,481),(4960,'库尔勒市',3,481),(4961,'焉耆回族自治县',3,481),(4962,'若羌县',3,481),(4963,'轮台县',3,481),(4964,'乌什县',3,482),(4965,'库车县',3,482),(4966,'拜城县',3,482),(4967,'新和县',3,482),(4968,'柯坪县',3,482),(4969,'沙雅县',3,482),(4970,'温宿县',3,482),(4971,'阿克苏市',3,482),(4972,'阿瓦提县',3,482),(4973,'乌恰县',3,483),(4974,'阿克陶县',3,483),(4975,'阿合奇县',3,483),(4976,'阿图什市',3,483),(4977,'伽师县',3,484),(4978,'叶城县',3,484),(4979,'喀什市',3,484),(4980,'塔什库尔干塔吉克自治县',3,484),(4981,'岳普湖县',3,484),(4982,'巴楚县',3,484),(4983,'泽普县',3,484),(4984,'疏勒县',3,484),(4985,'疏附县',3,484),(4986,'英吉沙县',3,484),(4987,'莎车县',3,484),(4988,'麦盖提县',3,484),(4989,'于田县',3,485),(4990,'和田县',3,485),(4991,'和田市',3,485),(4992,'墨玉县',3,485),(4993,'民丰县',3,485),(4994,'洛浦县',3,485),(4995,'皮山县',3,485),(4996,'策勒县',3,485),(4997,'伊宁县',3,486),(4998,'伊宁市',3,486),(4999,'奎屯市',3,486),(5000,'察布查尔锡伯自治县',3,486),(5001,'尼勒克县',3,486),(5002,'巩留县',3,486),(5003,'新源县',3,486),(5004,'昭苏县',3,486),(5005,'特克斯县',3,486),(5006,'霍城县',3,486),(5007,'乌苏市',3,487),(5008,'和布克赛尔蒙古自治县',3,487),(5009,'塔城市',3,487),(5010,'托里县',3,487),(5011,'沙湾县',3,487),(5012,'裕民县',3,487),(5013,'额敏县',3,487),(5014,'吉木乃县',3,488),(5015,'哈巴河县',3,488),(5016,'富蕴县',3,488),(5017,'布尔津县',3,488),(5018,'福海县',3,488),(5019,'阿勒泰市',3,488),(5020,'青河县',3,488),(5021,'石河子市',3,489),(5022,'阿拉尔市',3,490),(5023,'图木舒克市',3,491),(5024,'五家渠市',3,492);
/*!40000 ALTER TABLE `myadmin_citys` ENABLE KEYS */;
UNLOCK TABLES;

--
-- Table structure for table `myadmin_goods`
--

DROP TABLE IF EXISTS `myadmin_goods`;
/*!40101 SET @saved_cs_client     = @@character_set_client */;
/*!40101 SET character_set_client = utf8 */;
CREATE TABLE `myadmin_goods` (
  `id` int(11) NOT NULL AUTO_INCREMENT,
  `title` varchar(70) NOT NULL,
  `pic_url` varchar(200) NOT NULL,
  `gnum` int(11) NOT NULL,
  `price` double NOT NULL,
  `status` int(11) NOT NULL,
  `info` longtext NOT NULL,
  `ordernum` int(11) NOT NULL,
  `clicknum` int(11) NOT NULL,
  `adddtime` datetime(6) NOT NULL,
  `cateid_id` int(11) NOT NULL,
  PRIMARY KEY (`id`),
  KEY `myadmin_goods_cateid_id_a4e68ffa_fk_myadmin_cates_id` (`cateid_id`),
  CONSTRAINT `myadmin_goods_cateid_id_a4e68ffa_fk_myadmin_cates_id` FOREIGN KEY (`cateid_id`) REFERENCES `myadmin_cates` (`id`)
) ENGINE=InnoDB AUTO_INCREMENT=12 DEFAULT CHARSET=utf8mb4;
/*!40101 SET character_set_client = @saved_cs_client */;

--
-- Dumping data for table `myadmin_goods`
--

LOCK TABLES `myadmin_goods` WRITE;
/*!40000 ALTER TABLE `myadmin_goods` DISABLE KEYS */;
INSERT INTO `myadmin_goods` VALUES (5,'PRO 7','/static/pics/1542886048.0459287.jpg',13,1200,0,'<p>魅族手机PRO 7 值得拥有.</p>',0,0,'2018-11-22 19:27:28.093719',16),(6,'PRO 7 Plus','/static/pics/1542886414.9152002.jpg',20,1600,0,'<p>魅族PRO 7 Plus 你值得拥有.</p>',0,0,'2018-11-22 19:33:34.922698',16),(7,'魅蓝 A5','/static/pics/1542886473.863249.jpg',10,999,0,'<p>魅蓝 A5 你值得拥有.</p>',0,0,'2018-11-22 19:34:33.880483',22),(8,'魅蓝 E3','/static/pics/1542886528.0502365.jpg',19,899,0,'<p>魅族E3 你值得拥有.</p>',0,0,'2018-11-22 19:35:28.055850',22),(9,'魅蓝 Note5','/static/pics/1542886587.361692.jpg',40,799,0,'<p>魅蓝Note5 你值得拥有.</p>',0,0,'2018-11-22 19:36:27.363917',22),(10,'魅蓝 5s','/static/pics/1542900664.1095228.jpg',13,1000,0,'<p>魅蓝 5s 你值得拥有.</p>',0,0,'2018-11-22 23:31:04.118823',22),(11,'11','/static/pics/1543480830.2959518.png',11,11,1,'<h1>我是啦啦啦啦</h1>',0,0,'2018-11-29 16:40:30.308127',16);
/*!40000 ALTER TABLE `myadmin_goods` ENABLE KEYS */;
UNLOCK TABLES;

--
-- Table structure for table `myadmin_order`
--

DROP TABLE IF EXISTS `myadmin_order`;
/*!40101 SET @saved_cs_client     = @@character_set_client */;
/*!40101 SET character_set_client = utf8 */;
CREATE TABLE `myadmin_order` (
  `id` int(11) NOT NULL AUTO_INCREMENT,
  `addr` varchar(255) NOT NULL,
  `wl` varchar(50) NOT NULL,
  `paytype` varchar(30) NOT NULL,
  `price` int(11) NOT NULL,
  `status` int(11) NOT NULL,
  `addtime` datetime(6) NOT NULL,
  `uid_id` int(11) NOT NULL,
  PRIMARY KEY (`id`),
  KEY `myadmin_order_uid_id_bcf75806_fk_myadmin_users_id` (`uid_id`),
  CONSTRAINT `myadmin_order_uid_id_bcf75806_fk_myadmin_users_id` FOREIGN KEY (`uid_id`) REFERENCES `myadmin_users` (`id`)
) ENGINE=InnoDB AUTO_INCREMENT=2 DEFAULT CHARSET=utf8mb4;
/*!40101 SET character_set_client = @saved_cs_client */;

--
-- Dumping data for table `myadmin_order`
--

LOCK TABLES `myadmin_order` WRITE;
/*!40000 ALTER TABLE `myadmin_order` DISABLE KEYS */;
INSERT INTO `myadmin_order` VALUES (1,'辽宁省沈阳市铁西区123456789000','yunda','zfb',11198,0,'2018-11-27 16:44:16.692951',127);
/*!40000 ALTER TABLE `myadmin_order` ENABLE KEYS */;
UNLOCK TABLES;

--
-- Table structure for table `myadmin_orderinfo`
--

DROP TABLE IF EXISTS `myadmin_orderinfo`;
/*!40101 SET @saved_cs_client     = @@character_set_client */;
/*!40101 SET character_set_client = utf8 */;
CREATE TABLE `myadmin_orderinfo` (
  `id` int(11) NOT NULL AUTO_INCREMENT,
  `gid` int(11) NOT NULL,
  `title` varchar(100) NOT NULL,
  `num` int(11) NOT NULL,
  `pic_url` varchar(100) NOT NULL,
  `ordid_id` int(11) NOT NULL,
  PRIMARY KEY (`id`),
  KEY `myadmin_orderinfo_ordid_id_15d3a7cd_fk_myadmin_order_id` (`ordid_id`),
  CONSTRAINT `myadmin_orderinfo_ordid_id_15d3a7cd_fk_myadmin_order_id` FOREIGN KEY (`ordid_id`) REFERENCES `myadmin_order` (`id`)
) ENGINE=InnoDB AUTO_INCREMENT=5 DEFAULT CHARSET=utf8mb4;
/*!40101 SET character_set_client = @saved_cs_client */;

--
-- Dumping data for table `myadmin_orderinfo`
--

LOCK TABLES `myadmin_orderinfo` WRITE;
/*!40000 ALTER TABLE `myadmin_orderinfo` DISABLE KEYS */;
INSERT INTO `myadmin_orderinfo` VALUES (1,6,'PRO 7 Plus',4,'/static/pics/1542886414.9152002.jpg',1),(2,7,'魅蓝 A5',1,'/static/pics/1542886473.863249.jpg',1),(3,10,'魅蓝 5s',3,'/static/pics/1542900664.1095228.jpg',1),(4,9,'魅蓝 Note5',1,'/static/pics/1542886587.361692.jpg',1);
/*!40000 ALTER TABLE `myadmin_orderinfo` ENABLE KEYS */;
UNLOCK TABLES;

--
-- Table structure for table `myadmin_users`
--

DROP TABLE IF EXISTS `myadmin_users`;
/*!40101 SET @saved_cs_client     = @@character_set_client */;
/*!40101 SET character_set_client = utf8 */;
CREATE TABLE `myadmin_users` (
  `id` int(11) NOT NULL AUTO_INCREMENT,
  `username` varchar(20) NOT NULL,
  `password` varchar(30) NOT NULL,
  `phone` varchar(11) NOT NULL,
  `email` varchar(30) DEFAULT NULL,
  `age` int(11) DEFAULT NULL,
  `sex` varchar(1) NOT NULL,
  `pic_url` varchar(255) NOT NULL,
  `status` int(11) NOT NULL,
  `addtime` datetime(6) NOT NULL,
  PRIMARY KEY (`id`)
) ENGINE=InnoDB AUTO_INCREMENT=129 DEFAULT CHARSET=utf8mb4;
/*!40101 SET character_set_client = @saved_cs_client */;

--
-- Dumping data for table `myadmin_users`
--

LOCK TABLES `myadmin_users` WRITE;
/*!40000 ALTER TABLE `myadmin_users` DISABLE KEYS */;
INSERT INTO `myadmin_users` VALUES (10,'aaa','aaa','aaa','aa',10,'0','/static/pics/1542301326.7096348.jpg',0,'2018-11-16 01:02:06.736679'),(11,'bbb','bbb','bbb','bb',11,'0','/static/pics/1542301356.5437372.jpg',3,'2018-11-16 01:02:36.571040'),(12,'ccc','ccc','ccc','ccc',12,'1','/static/pics/1542301376.849631.jpg',0,'2018-11-16 01:02:56.865310'),(13,'ddd','ddd','ddd','ddd',13,'0','/static/pics/user.jpg',0,'2018-11-16 01:03:19.734825'),(14,'ddd','ddd','ddd','ddd',12,'0','/static/pics/1542341398.9441743.jpg',0,'2018-11-16 12:09:58.969939'),(15,'eee','eee','eee','eee',14,'1','/static/pics/1542341465.6779509.jpg',0,'2018-11-16 12:11:05.701282'),(16,'fff','fff','fff','fff',13,'1','/static/pics/1542341492.092947.jpg',0,'2018-11-16 12:11:32.124282'),(17,'ggg','ggg','ggg','ggg',9,'0','/static/pics/1542341512.6965866.jpg',0,'2018-11-16 12:11:52.753000'),(18,'aaa','aaa','aaa','aa',10,'0','/static/pics/1542301326.7096348.jpg',0,'2018-11-16 01:02:06.736679'),(19,'bbb','bbb','bbb','bb',11,'0','/static/pics/1542301356.5437372.jpg',3,'2018-11-16 01:02:36.571040'),(20,'ccc','ccc','ccc','ccc',12,'1','/static/pics/1542301376.849631.jpg',0,'2018-11-16 01:02:56.865310'),(21,'ddd','ddd','ddd','ddd',13,'0','/static/pics/user.jpg',0,'2018-11-16 01:03:19.734825'),(22,'ddd','ddd','ddd','ddd',12,'0','/static/pics/1542341398.9441743.jpg',0,'2018-11-16 12:09:58.969939'),(23,'eee','eee','eee','eee',14,'1','/static/pics/1542341465.6779509.jpg',0,'2018-11-16 12:11:05.701282'),(24,'fff','fff','fff','fff',13,'1','/static/pics/1542341492.092947.jpg',0,'2018-11-16 12:11:32.124282'),(25,'ggg','ggg','ggg','ggg',9,'0','/static/pics/1542341512.6965866.jpg',0,'2018-11-16 12:11:52.753000'),(33,'aaa','aaa','aaa','aa',10,'0','/static/pics/1542301326.7096348.jpg',0,'2018-11-16 01:02:06.736679'),(34,'bbb','bbb','bbb','bb',11,'0','/static/pics/1542301356.5437372.jpg',3,'2018-11-16 01:02:36.571040'),(35,'ccc','ccc','ccc','ccc',12,'1','/static/pics/1542301376.849631.jpg',0,'2018-11-16 01:02:56.865310'),(36,'ddd','ddd','ddd','ddd',13,'0','/static/pics/user.jpg',0,'2018-11-16 01:03:19.734825'),(37,'ddd','ddd','ddd','ddd',12,'0','/static/pics/1542341398.9441743.jpg',0,'2018-11-16 12:09:58.969939'),(38,'eee','eee','eee','eee',14,'1','/static/pics/1542341465.6779509.jpg',0,'2018-11-16 12:11:05.701282'),(39,'fff','fff','fff','fff',13,'1','/static/pics/1542341492.092947.jpg',0,'2018-11-16 12:11:32.124282'),(40,'ggg','ggg','ggg','ggg',9,'0','/static/pics/1542341512.6965866.jpg',0,'2018-11-16 12:11:52.753000'),(41,'aaa','aaa','aaa','aa',10,'0','/static/pics/1542301326.7096348.jpg',0,'2018-11-16 01:02:06.736679'),(42,'bbb','bbb','bbb','bb',11,'0','/static/pics/1542301356.5437372.jpg',3,'2018-11-16 01:02:36.571040'),(43,'ccc','ccc','ccc','ccc',12,'1','/static/pics/1542301376.849631.jpg',0,'2018-11-16 01:02:56.865310'),(44,'ddd','ddd','ddd','ddd',13,'0','/static/pics/user.jpg',0,'2018-11-16 01:03:19.734825'),(45,'ddd','ddd','ddd','ddd',12,'0','/static/pics/1542341398.9441743.jpg',3,'2018-11-16 12:09:58.969939'),(46,'eee','eee','eee','eee',14,'1','/static/pics/1542341465.6779509.jpg',0,'2018-11-16 12:11:05.701282'),(47,'fff','fff','fff','fff',13,'1','/static/pics/1542341492.092947.jpg',0,'2018-11-16 12:11:32.124282'),(48,'ggg','ggg','ggg','ggg',9,'0','/static/pics/1542341512.6965866.jpg',0,'2018-11-16 12:11:52.753000'),(64,'aaa','aaa','aaa','aa',10,'0','/static/pics/1542301326.7096348.jpg',0,'2018-11-16 01:02:06.736679'),(65,'bbb','bbb','bbb','bb',11,'0','/static/pics/1542301356.5437372.jpg',3,'2018-11-16 01:02:36.571040'),(66,'ccc','ccc','ccc','ccc',12,'1','/static/pics/1542301376.849631.jpg',0,'2018-11-16 01:02:56.865310'),(67,'ddd','ddd','ddd','ddd',13,'0','/static/pics/user.jpg',0,'2018-11-16 01:03:19.734825'),(68,'ddd','ddd','ddd','ddd',12,'0','/static/pics/1542341398.9441743.jpg',0,'2018-11-16 12:09:58.969939'),(69,'eee','eee','eee','eee',14,'1','/static/pics/1542341465.6779509.jpg',0,'2018-11-16 12:11:05.701282'),(70,'fff','fff','fff','fff',13,'1','/static/pics/1542341492.092947.jpg',0,'2018-11-16 12:11:32.124282'),(71,'ggg','ggg','ggg','ggg',9,'0','/static/pics/1542341512.6965866.jpg',0,'2018-11-16 12:11:52.753000'),(72,'aaa','aaa','aaa','aa',10,'0','/static/pics/1542301326.7096348.jpg',0,'2018-11-16 01:02:06.736679'),(73,'bbb','bbb','bbb','bb',11,'0','/static/pics/1542301356.5437372.jpg',3,'2018-11-16 01:02:36.571040'),(74,'ccc','ccc','ccc','ccc',12,'1','/static/pics/1542301376.849631.jpg',0,'2018-11-16 01:02:56.865310'),(75,'ddd','ddd','ddd','ddd',13,'0','/static/pics/user.jpg',0,'2018-11-16 01:03:19.734825'),(76,'ddd','ddd','ddd','ddd',12,'0','/static/pics/1542341398.9441743.jpg',0,'2018-11-16 12:09:58.969939'),(77,'eee','eee','eee','eee',14,'1','/static/pics/1542341465.6779509.jpg',0,'2018-11-16 12:11:05.701282'),(78,'fff','fff','fff','fff',13,'1','/static/pics/1542341492.092947.jpg',0,'2018-11-16 12:11:32.124282'),(79,'ggg','ggg','ggg','ggg',9,'0','/static/pics/1542341512.6965866.jpg',0,'2018-11-16 12:11:52.753000'),(80,'aaa','aaa','aaa','aa',10,'0','/static/pics/1542301326.7096348.jpg',0,'2018-11-16 01:02:06.736679'),(81,'bbb','bbb','bbb','bb',11,'0','/static/pics/1542301356.5437372.jpg',3,'2018-11-16 01:02:36.571040'),(82,'ccc','ccc','ccc','ccc',12,'1','/static/pics/1542301376.849631.jpg',0,'2018-11-16 01:02:56.865310'),(83,'ddd','ddd','ddd','ddd',13,'0','/static/pics/user.jpg',0,'2018-11-16 01:03:19.734825'),(84,'ddd','ddd','ddd','ddd',12,'0','/static/pics/1542341398.9441743.jpg',0,'2018-11-16 12:09:58.969939'),(85,'eee','eee','eee','eee',14,'1','/static/pics/1542341465.6779509.jpg',0,'2018-11-16 12:11:05.701282'),(86,'fff','fff','fff','fff',13,'1','/static/pics/1542341492.092947.jpg',0,'2018-11-16 12:11:32.124282'),(87,'ggg','ggg','ggg','ggg',9,'0','/static/pics/1542341512.6965866.jpg',0,'2018-11-16 12:11:52.753000'),(88,'aaa','aaa','aaa','aa',10,'0','/static/pics/1542301326.7096348.jpg',0,'2018-11-16 01:02:06.736679'),(89,'bbb','bbb','bbb','bb',11,'0','/static/pics/1542301356.5437372.jpg',3,'2018-11-16 01:02:36.571040'),(90,'ccc','ccc','ccc','ccc',12,'1','/static/pics/1542301376.849631.jpg',0,'2018-11-16 01:02:56.865310'),(91,'ddd','ddd','ddd','ddd',13,'0','/static/pics/user.jpg',0,'2018-11-16 01:03:19.734825'),(92,'ddd','ddd','ddd','ddd',12,'0','/static/pics/1542341398.9441743.jpg',0,'2018-11-16 12:09:58.969939'),(93,'eee','eee','eee','eee',14,'1','/static/pics/1542341465.6779509.jpg',0,'2018-11-16 12:11:05.701282'),(94,'fff','fff','fff','fff',13,'1','/static/pics/1542341492.092947.jpg',0,'2018-11-16 12:11:32.124282'),(95,'ggg','ggg','ggg','ggg',9,'0','/static/pics/1542341512.6965866.jpg',0,'2018-11-16 12:11:52.753000'),(127,'user15713878107','123456','15713878107','12345',18,'0','/static/pics/user.jpg',0,'2018-11-21 17:05:49.107290'),(128,'111','123','13','223',22,'0','/static/pics/1543480708.9494731.png',0,'2018-11-29 16:38:28.960224');
/*!40000 ALTER TABLE `myadmin_users` ENABLE KEYS */;
UNLOCK TABLES;
/*!40103 SET TIME_ZONE=@OLD_TIME_ZONE */;

/*!40101 SET SQL_MODE=@OLD_SQL_MODE */;
/*!40014 SET FOREIGN_KEY_CHECKS=@OLD_FOREIGN_KEY_CHECKS */;
/*!40014 SET UNIQUE_CHECKS=@OLD_UNIQUE_CHECKS */;
/*!40101 SET CHARACTER_SET_CLIENT=@OLD_CHARACTER_SET_CLIENT */;
/*!40101 SET CHARACTER_SET_RESULTS=@OLD_CHARACTER_SET_RESULTS */;
/*!40101 SET COLLATION_CONNECTION=@OLD_COLLATION_CONNECTION */;
/*!40111 SET SQL_NOTES=@OLD_SQL_NOTES */;

-- Dump completed on 2018-11-29 16:41:59
